time,JM1_p
2020-01-02 02:55:00,4.1831255
2020-01-02 02:56:00,4.1852145
2020-01-02 02:57:00,4.1839447
2020-01-02 02:58:00,4.181655
2020-01-02 02:59:00,4.1786466
2020-01-02 05:40:00,4.1825185
2020-01-02 05:41:00,4.183781
2020-01-02 05:42:00,4.183735
2020-01-02 05:43:00,4.1817074
2020-01-02 05:44:00,4.178818
2020-01-02 05:47:00,4.1795254
2020-01-02 05:48:00,4.181231
2020-01-02 05:49:00,4.182211
2020-01-02 05:50:00,4.1819444
2020-01-02 05:51:00,4.187998
2020-01-02 05:52:00,4.1873727
2020-01-02 05:53:00,4.1854634
2020-01-02 05:54:00,4.1809564
2020-01-02 05:55:00,4.178944
2020-01-02 06:00:00,4.179091
2020-01-02 06:01:00,4.181805
2020-01-02 06:02:00,4.1825457
2020-01-02 06:03:00,4.181042
2020-01-02 06:04:00,4.1787887
2020-01-10 04:39:00,4.181883
2020-01-10 04:40:00,4.1833744
2020-01-10 04:41:00,4.183479
2020-01-10 04:42:00,4.182272
2020-01-10 04:43:00,4.1818094
2020-01-10 04:44:00,4.178842
2020-01-14 04:28:00,4.1826587
2020-01-14 04:29:00,4.1840086
2020-01-14 04:30:00,4.1826653
2020-01-14 04:31:00,4.1801972
2020-01-16 04:53:00,4.1820846
2020-01-16 04:54:00,4.183781
2020-01-16 04:55:00,4.183735
2020-01-16 04:56:00,4.1817074
2020-01-16 04:57:00,4.1798406
2020-01-20 04:56:00,4.181683
2020-01-20 04:57:00,4.1842046
2020-01-20 04:58:00,4.1832576
2020-01-20 04:59:00,4.181204
2020-01-20 05:00:00,4.1793895
2020-01-20 05:02:00,4.186039
2020-01-20 05:03:00,4.184407
2020-01-20 05:04:00,4.1834545
2020-01-20 05:05:00,4.1823926
2020-01-20 05:06:00,4.180041
2020-01-20 05:07:00,4.1880927
2020-01-20 05:08:00,4.189164
2020-01-20 05:09:00,4.1946
2020-01-20 05:10:00,4.2039185
2020-01-20 05:11:00,4.2029767
2020-01-20 05:12:00,4.206757
2020-01-20 05:13:00,4.2132444
2020-01-20 05:14:00,4.2157884
2020-01-20 05:15:00,4.221965
2020-01-20 05:16:00,4.2243843
2020-01-20 05:17:00,4.2268953
2020-01-20 05:18:00,4.229886
2020-01-20 05:19:00,4.2287364
2020-01-20 05:20:00,4.228635
2020-01-20 05:21:00,4.2194505
2020-01-20 05:22:00,4.2078557
2020-01-20 05:23:00,4.2070518
2020-01-20 05:24:00,4.2004666
2020-01-20 05:25:00,4.2025075
2020-01-20 05:26:00,4.206691
2020-01-20 05:27:00,4.210871
2020-01-20 05:28:00,4.2187614
2020-01-20 05:29:00,4.2242823
2020-01-20 05:30:00,4.225231
2020-01-20 05:31:00,4.2204833
2020-01-20 05:32:00,4.21873
2020-01-20 05:33:00,4.219843
2020-01-20 05:34:00,4.217567
2020-01-20 05:35:00,4.2087374
2020-01-20 05:36:00,4.2094502
2020-01-20 05:37:00,4.212814
2020-01-20 05:38:00,4.2185483
2020-01-20 05:39:00,4.221555
2020-01-20 05:40:00,4.22424
2020-01-20 05:41:00,4.21803
2020-01-20 05:42:00,4.2197285
2020-01-20 05:43:00,4.2202063
2020-01-20 05:44:00,4.221978
2020-01-20 05:45:00,4.2244124
2020-01-20 05:46:00,4.217447
2020-01-20 05:47:00,4.208251
2020-01-20 05:48:00,4.2010026
2020-01-20 05:49:00,4.191644
2020-01-20 05:50:00,4.182907
2020-01-20 06:34:00,4.1822586
2020-01-20 06:35:00,4.1839995
2020-01-20 06:36:00,4.1836476
2020-01-20 06:37:00,4.182702
2020-01-20 06:38:00,4.180796
2020-01-20 06:39:00,4.179654
2020-01-20 06:40:00,4.1785846
2020-01-24 23:45:00,3.855693
2020-01-24 23:46:00,3.8151863
2020-01-24 23:47:00,3.7872856
2020-01-24 23:48:00,3.768857
2020-01-24 23:49:00,3.7571425
2020-01-24 23:50:00,3.749932
2020-01-24 23:51:00,3.7510998
2020-01-24 23:52:00,3.7517858
2020-01-24 23:53:00,3.752884
2020-01-24 23:54:00,3.7540524
2020-01-24 23:55:00,3.7556033
2020-01-24 23:56:00,3.7570395
2020-01-24 23:57:00,3.75877
2020-01-24 23:58:00,3.760195
2020-01-24 23:59:00,3.7613904
2020-01-25 00:00:00,3.762717
2020-01-25 00:01:00,3.7639794
2020-01-25 00:02:00,3.7648623
2020-01-25 00:03:00,3.7655966
2020-01-25 00:04:00,3.766049
2020-01-25 00:05:00,3.7664368
2020-01-25 00:06:00,3.7672467
2020-01-25 00:07:00,3.7678776
2020-01-25 00:08:00,3.7684221
2020-01-25 00:09:00,3.768875
2020-01-25 00:10:00,3.769295
2020-01-25 00:11:00,3.7695873
2020-01-25 00:12:00,3.7697449
2020-01-25 00:13:00,3.7696984
2020-01-25 00:14:00,3.769697
2020-01-25 00:15:00,3.7696984
2020-01-25 00:16:00,3.7696996
2020-01-25 00:17:00,3.769682
2020-01-25 00:18:00,3.7696893
2020-01-25 00:19:00,3.7697139
2020-01-25 00:20:00,3.7697139
2020-01-25 00:21:00,3.7697139
2020-01-25 00:22:00,3.7697139
2020-01-25 00:23:00,3.7697139
2020-01-25 00:24:00,3.7697139
2020-01-25 00:25:00,3.769213
2020-01-25 00:26:00,3.7686322
2020-01-25 00:27:00,3.7680771
2020-01-25 00:28:00,3.7675922
2020-01-25 00:29:00,3.7672384
2020-01-25 00:30:00,3.7669716
2020-01-25 00:31:00,3.766723
2020-01-25 00:32:00,3.766751
2020-01-25 00:33:00,3.7667723
2020-01-25 00:34:00,3.7667627
2020-01-25 00:35:00,3.7667832
2020-01-25 00:36:00,3.766746
2020-01-25 00:37:00,3.7666988
2020-01-25 00:38:00,3.7667258
2020-01-25 00:39:00,3.7667487
2020-01-25 00:40:00,3.766723
2020-01-25 00:41:00,3.766751
2020-01-25 00:42:00,3.7667212
2020-01-25 00:43:00,3.7666988
2020-01-25 00:44:00,3.7667258
2020-01-25 00:45:00,3.7666976
2020-01-25 00:46:00,3.7666593
2020-01-25 00:47:00,3.7666936
2020-01-25 00:48:00,3.766673
2020-01-25 00:49:00,3.7666593
2020-01-25 00:50:00,3.7666426
2020-01-25 00:51:00,3.76666
2020-01-25 00:52:00,3.7666655
2020-01-25 00:53:00,3.7666516
2020-01-25 00:54:00,3.7666178
2020-01-25 00:55:00,3.76666
2020-01-25 00:56:00,3.7667165
2020-01-25 00:57:00,3.7667153
2020-01-25 00:58:00,3.766675
2020-01-25 00:59:00,3.7666574
2020-01-25 01:00:00,3.7666924
2020-01-25 01:01:00,3.76669
2020-01-25 01:02:00,3.7667027
2020-01-25 01:03:00,3.7666814
2020-01-25 01:04:00,3.7666667
2020-01-25 01:05:00,3.7667012
2020-01-25 01:06:00,3.7667487
2020-01-25 01:07:00,3.7662616
2020-01-25 01:08:00,3.7661765
2020-01-25 01:09:00,3.7656906
2020-01-25 01:10:00,3.7651598
2020-01-25 01:11:00,3.764697
2020-01-25 01:12:00,3.7642934
2020-01-25 01:13:00,3.7639751
2020-01-25 01:14:00,3.7639048
2020-01-25 01:15:00,3.763611
2020-01-25 01:16:00,3.7636232
2020-01-25 01:17:00,3.7636297
2020-01-25 01:18:00,3.763639
2020-01-25 01:19:00,3.7636476
2020-01-25 01:20:00,3.7636032
2020-01-25 01:21:00,3.7635465
2020-01-25 01:22:00,3.7635128
2020-01-25 01:23:00,3.7634113
2020-01-25 01:24:00,3.7634106
2020-01-25 01:25:00,3.7633965
2020-01-25 01:26:00,3.763427
2020-01-25 01:27:00,3.7634387
2020-01-25 01:28:00,3.7635357
2020-01-25 01:29:00,3.7635522
2020-01-25 01:30:00,3.763548
2020-01-25 01:31:00,3.7634966
2020-01-25 01:32:00,3.7634714
2020-01-25 01:33:00,3.763431
2020-01-25 01:34:00,3.7634673
2020-01-25 01:35:00,3.763482
2020-01-25 01:36:00,3.7634885
2020-01-25 01:37:00,3.7635772
2020-01-25 01:38:00,3.7635849
2020-01-25 01:39:00,3.7635555
2020-01-25 01:40:00,3.763574
2020-01-25 01:41:00,3.7635362
2020-01-25 01:42:00,3.7634892
2020-01-25 01:43:00,3.7634647
2020-01-25 01:44:00,3.763406
2020-01-25 01:45:00,3.7634506
2020-01-25 01:46:00,3.7635071
2020-01-25 01:47:00,3.7634885
2020-01-25 01:48:00,3.763525
2020-01-25 01:49:00,3.7635198
2020-01-25 01:50:00,3.7635496
2020-01-25 01:51:00,3.7634847
2020-01-25 01:52:00,3.7634768
2020-01-25 01:53:00,3.7635062
2020-01-25 01:54:00,3.763557
2020-01-25 01:55:00,3.76353
2020-01-25 01:56:00,3.7635057
2020-01-25 01:57:00,3.7635152
2020-01-25 01:58:00,3.7635806
2020-01-25 01:59:00,3.7635984
2020-01-25 02:00:00,3.763615
2020-01-25 02:01:00,3.7635784
2020-01-25 02:02:00,3.7635984
2020-01-25 02:03:00,3.7635777
2020-01-25 02:04:00,3.7635741
2020-01-25 02:05:00,3.7635891
2020-01-25 02:06:00,3.763554
2020-01-25 02:07:00,3.7635057
2020-01-25 02:08:00,3.7635324
2020-01-25 02:09:00,3.7635555
2020-01-25 02:10:00,3.763546
2020-01-25 02:11:00,3.763498
2020-01-25 02:12:00,3.7635071
2020-01-25 02:13:00,3.7635033
2020-01-25 02:14:00,3.7634814
2020-01-25 02:15:00,3.7634394
2020-01-25 02:16:00,3.7634583
2020-01-25 02:17:00,3.763463
2020-01-25 02:18:00,3.7635007
2020-01-25 02:19:00,3.7634273
2020-01-25 02:20:00,3.763452
2020-01-25 02:21:00,3.763454
2020-01-25 02:22:00,3.7634923
2020-01-25 02:23:00,3.7634718
2020-01-25 02:24:00,3.7634566
2020-01-25 02:25:00,3.7634223
2020-01-25 02:26:00,3.7634308
2020-01-25 02:27:00,3.7634506
2020-01-25 02:28:00,3.7635071
2020-01-25 02:29:00,3.7635407
2020-01-25 02:30:00,3.7635376
2020-01-25 02:31:00,3.7635138
2020-01-25 02:32:00,3.7634878
2020-01-25 02:33:00,3.7634635
2020-01-25 02:34:00,3.7629514
2020-01-25 02:35:00,3.7623336
2020-01-25 02:36:00,3.762255
2020-01-25 02:37:00,3.7618687
2020-01-25 02:38:00,3.7613797
2020-01-25 02:39:00,3.7609932
2020-01-25 02:40:00,3.7607048
2020-01-25 02:41:00,3.7606509
2020-01-25 02:42:00,3.7606473
2020-01-25 02:43:00,3.7603981
2020-01-25 02:44:00,3.7603593
2020-01-25 02:45:00,3.760316
2020-01-25 02:46:00,3.7603102
2020-01-25 02:47:00,3.7603266
2020-01-25 02:48:00,3.7603445
2020-01-25 02:49:00,3.7603447
2020-01-25 02:50:00,3.760386
2020-01-25 02:51:00,3.7603657
2020-01-25 02:52:00,3.7603784
2020-01-25 02:53:00,3.7603312
2020-01-25 02:54:00,3.7602751
2020-01-25 02:55:00,3.760225
2020-01-25 02:56:00,3.760183
2020-01-25 02:57:00,3.7601504
2020-01-25 02:58:00,3.7601953
2020-01-25 02:59:00,3.7601829
2020-01-25 03:00:00,3.7601767
2020-01-25 03:01:00,3.7601671
2020-01-25 03:02:00,3.7601583
2020-01-25 03:03:00,3.7601504
2020-01-25 03:04:00,3.760142
2020-01-25 03:05:00,3.7601173
2020-01-25 03:06:00,3.7601707
2020-01-25 03:07:00,3.760236
2020-01-25 03:08:00,3.7602417
2020-01-25 03:09:00,3.7602265
2020-01-25 03:10:00,3.7602615
2020-01-25 03:11:00,3.7602565
2020-01-25 03:12:00,3.7603407
2020-01-25 03:13:00,3.760376
2020-01-25 03:14:00,3.760395
2020-01-25 03:15:00,3.7603745
2020-01-25 03:16:00,3.7603862
2020-01-25 03:17:00,3.7603395
2020-01-25 03:18:00,3.7603533
2020-01-25 03:19:00,3.7602372
2020-01-25 03:20:00,3.7602303
2020-01-25 03:21:00,3.7602065
2020-01-25 03:22:00,3.760246
2020-01-25 03:23:00,3.7602246
2020-01-25 03:24:00,3.7602627
2020-01-25 03:25:00,3.760294
2020-01-25 03:26:00,3.7603076
2020-01-25 03:27:00,3.7602592
2020-01-25 03:28:00,3.7602863
2020-01-25 03:29:00,3.7602565
2020-01-25 03:30:00,3.760234
2020-01-25 03:31:00,3.760192
2020-01-25 03:32:00,3.7601583
2020-01-25 03:33:00,3.7602036
2020-01-25 03:34:00,3.7602608
2020-01-25 03:35:00,3.7602417
2020-01-25 03:36:00,3.7602265
2020-01-25 03:37:00,3.7602084
2020-01-25 03:38:00,3.7601914
2020-01-25 03:39:00,3.7601752
2020-01-25 03:40:00,3.760142
2020-01-25 03:41:00,3.7601173
2020-01-25 03:42:00,3.7601173
2020-01-25 03:43:00,3.7601173
2020-01-25 03:44:00,3.7601707
2020-01-25 03:45:00,3.7601829
2020-01-25 03:46:00,3.7601767
2020-01-25 03:47:00,3.7601671
2020-01-25 03:48:00,3.7601583
2020-01-25 03:49:00,3.7602036
2020-01-25 03:50:00,3.7602074
2020-01-25 03:51:00,3.7596424
2020-01-25 03:52:00,3.759033
2020-01-25 03:53:00,3.7584968
2020-01-25 03:54:00,3.7579937
2020-01-25 03:55:00,3.757612
2020-01-25 03:56:00,3.757304
2020-01-25 03:57:00,3.7570992
2020-01-25 03:58:00,3.7570786
2020-01-25 03:59:00,3.7570212
2020-01-25 04:00:00,3.7569702
2020-01-25 04:01:00,3.7569988
2020-01-25 04:02:00,3.757023
2020-01-25 04:03:00,3.7569957
2020-01-25 04:04:00,3.7570097
2020-01-25 04:05:00,3.757057
2020-01-25 04:06:00,3.7570992
2020-01-25 04:07:00,3.7571328
2020-01-25 04:08:00,3.7570865
2020-01-25 04:09:00,3.7570837
2020-01-25 04:10:00,3.7571144
2020-01-25 04:11:00,3.7570696
2020-01-25 04:12:00,3.7570672
2020-01-25 04:13:00,3.7570271
2020-01-25 04:14:00,3.7570338
2020-01-25 04:15:00,3.7570734
2020-01-25 04:16:00,3.757145
2020-01-25 04:17:00,3.7571197
2020-01-25 04:18:00,3.757135
2020-01-25 04:19:00,3.75714
2020-01-25 04:20:00,3.7571647
2020-01-25 04:21:00,3.7571654
2020-01-25 04:22:00,3.7571113
2020-01-25 04:23:00,3.7570837
2020-01-25 04:24:00,3.7571144
2020-01-25 04:25:00,3.7570696
2020-01-25 04:26:00,3.757013
2020-01-25 04:27:00,3.757016
2020-01-25 04:28:00,3.7569857
2020-01-25 04:29:00,3.757017
2020-01-25 04:30:00,3.7570403
2020-01-25 04:31:00,3.7570124
2020-01-25 04:32:00,3.7569885
2020-01-25 04:33:00,3.7569618
2020-01-25 04:34:00,3.7569203
2020-01-25 04:35:00,3.7569036
2020-01-25 04:36:00,3.7568705
2020-01-25 04:37:00,3.7568462
2020-01-25 04:38:00,3.7569
2020-01-25 04:39:00,3.756966
2020-01-25 04:40:00,3.7570252
2020-01-25 04:41:00,3.7570212
2020-01-25 04:42:00,3.7570508
2020-01-25 04:43:00,3.7570357
2020-01-25 04:44:00,3.7570581
2020-01-25 04:45:00,3.7570734
2020-01-25 04:46:00,3.7570367
2020-01-25 04:47:00,3.7570424
2020-01-25 04:48:00,3.7564862
2020-01-25 04:49:00,3.755785
2020-01-25 04:50:00,3.7551658
2020-01-25 04:51:00,3.7546244
2020-01-25 04:52:00,3.7541814
2020-01-25 04:53:00,3.7538455
2020-01-25 04:54:00,3.7535803
2020-01-25 04:55:00,3.7536347
2020-01-25 04:56:00,3.7536454
2020-01-25 04:57:00,3.7536392
2020-01-25 04:58:00,3.7536297
2020-01-25 04:59:00,3.7536755
2020-01-25 05:00:00,3.7537324
2020-01-25 05:01:00,3.7537284
2020-01-25 05:02:00,3.753689
2020-01-25 05:03:00,3.7537253
2020-01-25 05:04:00,3.7537732
2020-01-25 05:05:00,3.753815
2020-01-25 05:06:00,3.7538326
2020-01-25 05:07:00,3.7538497
2020-01-25 05:08:00,3.7538273
2020-01-25 05:09:00,3.7537858
2020-01-25 05:10:00,3.753781
2020-01-25 05:11:00,3.7537968
2020-01-25 05:12:00,3.7537606
2020-01-25 05:13:00,3.7537675
2020-01-25 05:14:00,3.753736
2020-01-25 05:15:00,3.753767
2020-01-25 05:16:00,3.7538059
2020-01-25 05:17:00,3.753769
2020-01-25 05:18:00,3.7537758
2020-01-25 05:19:00,3.7538142
2020-01-25 05:20:00,3.7537773
2020-01-25 05:21:00,3.753745
2020-01-25 05:22:00,3.7536397
2020-01-25 05:23:00,3.7536428
2020-01-25 05:24:00,3.7536972
2020-01-25 05:25:00,3.7537332
2020-01-25 05:26:00,3.7537682
2020-01-25 05:27:00,3.7538173
2020-01-25 05:28:00,3.7538037
2020-01-25 05:29:00,3.7538404
2020-01-25 05:30:00,3.7538466
2020-01-25 05:31:00,3.7538013
2020-01-25 05:32:00,3.753745
2020-01-25 05:33:00,3.753749
2020-01-25 05:34:00,3.7537184
2020-01-25 05:35:00,3.7536952
2020-01-25 05:36:00,3.7537081
2020-01-25 05:37:00,3.753686
2020-01-25 05:38:00,3.7537265
2020-01-25 05:39:00,3.7537737
2020-01-25 05:40:00,3.7538
2020-01-25 05:41:00,3.7537866
2020-01-25 05:42:00,3.7538083
2020-01-25 05:43:00,3.7537134
2020-01-25 05:44:00,3.753671
2020-01-25 05:45:00,3.753627
2020-01-25 05:46:00,3.753595
2020-01-25 05:47:00,3.753572
2020-01-25 05:48:00,3.7535715
2020-01-25 05:49:00,3.753611
2020-01-25 05:50:00,3.7531002
2020-01-25 05:51:00,3.7525012
2020-01-25 05:52:00,3.7519152
2020-01-25 05:53:00,3.751462
2020-01-25 05:54:00,3.7509964
2020-01-25 05:55:00,3.7506442
2020-01-25 05:56:00,3.7504332
2020-01-25 05:57:00,3.7504344
2020-01-25 05:58:00,3.7504609
2020-01-25 05:59:00,3.7504606
2020-01-25 06:00:00,3.7504315
2020-01-25 06:01:00,3.7504363
2020-01-25 06:02:00,3.7504182
2020-01-25 06:03:00,3.7503874
2020-01-25 06:04:00,3.7503788
2020-01-25 06:05:00,3.750411
2020-01-25 06:06:00,3.7504754
2020-01-25 06:07:00,3.7504787
2020-01-25 06:08:00,3.750518
2020-01-25 06:09:00,3.7505636
2020-01-25 06:10:00,3.7506044
2020-01-25 06:11:00,3.7505813
2020-01-25 06:12:00,3.7505252
2020-01-25 06:13:00,3.7504756
2020-01-25 06:14:00,3.7505047
2020-01-25 06:15:00,3.7504194
2020-01-25 06:16:00,3.7503731
2020-01-25 06:17:00,3.7503471
2020-01-25 06:18:00,3.7504022
2020-01-25 06:19:00,3.7504122
2020-01-25 06:20:00,3.7504058
2020-01-25 06:21:00,3.7504377
2020-01-25 06:22:00,3.7504601
2020-01-25 06:23:00,3.7504456
2020-01-25 06:24:00,3.7504275
2020-01-25 06:25:00,3.7504506
2020-01-25 06:26:00,3.7504518
2020-01-25 06:27:00,3.7504919
2020-01-25 06:28:00,3.7504692
2020-01-25 06:29:00,3.7505088
2020-01-25 06:30:00,3.7505004
2020-01-25 06:31:00,3.7505312
2020-01-25 06:32:00,3.7505004
2020-01-25 06:33:00,3.7504766
2020-01-25 06:34:00,3.7503815
2020-01-25 06:35:00,3.7504091
2020-01-25 06:36:00,3.7503939
2020-01-25 06:37:00,3.7504435
2020-01-25 06:38:00,3.7504296
2020-01-25 06:39:00,3.750423
2020-01-25 06:40:00,3.750469
2020-01-25 06:41:00,3.7504826
2020-01-25 06:42:00,3.7504456
2020-01-25 06:43:00,3.7504275
2020-01-25 06:44:00,3.7504506
2020-01-25 06:45:00,3.7505066
2020-01-25 06:46:00,3.7505012
2020-01-25 06:47:00,3.7504632
2020-01-25 06:48:00,3.7504992
2020-01-25 06:49:00,3.7506013
2020-01-25 06:50:00,3.7505968
2020-01-25 06:51:00,3.7505987
2020-01-25 06:52:00,3.750558
2020-01-25 06:53:00,3.75058
2020-01-25 06:54:00,3.7505546
2020-01-25 06:55:00,3.750554
2020-01-25 06:56:00,3.7504456
2020-01-25 06:57:00,3.7504127
2020-01-25 06:58:00,3.7503784
2020-01-25 06:59:00,3.7504249
2020-01-25 07:00:00,3.7504122
2020-01-25 07:01:00,3.7504606
2020-01-25 07:02:00,3.7505016
2020-01-25 07:03:00,3.7505183
2020-01-25 07:04:00,3.750003
2020-01-25 07:05:00,3.7493505
2020-01-25 07:06:00,3.748733
2020-01-25 07:07:00,3.7482288
2020-01-25 07:08:00,3.7478557
2020-01-25 07:09:00,3.7475295
2020-01-25 07:10:00,3.7474089
2020-01-25 07:11:00,3.747449
2020-01-25 07:12:00,3.74749
2020-01-25 07:13:00,3.7474644
2020-01-25 07:14:00,3.7479713
2020-01-25 07:15:00,3.7486033
2020-01-25 07:16:00,3.7486017
2020-01-25 07:17:00,3.748436
2020-01-25 07:18:00,3.748275
2020-01-25 07:19:00,3.748125
2020-01-25 07:20:00,3.7479918
2020-01-25 07:21:00,3.7477174
2020-01-25 07:22:00,3.747455
2020-01-25 07:23:00,3.747468
2020-01-25 07:24:00,3.7474196
2020-01-25 07:25:00,3.747421
2020-01-25 07:26:00,3.747382
2020-01-25 07:27:00,3.7473917
2020-01-25 07:28:00,3.7473614
2020-01-25 07:29:00,3.7473373
2020-01-25 07:30:00,3.747299
2020-01-25 07:31:00,3.747336
2020-01-25 07:32:00,3.7473145
2020-01-25 07:33:00,3.7472994
2020-01-25 07:34:00,3.747324
2020-01-25 07:35:00,3.7473774
2020-01-25 07:36:00,3.7473705
2020-01-25 07:37:00,3.7473462
2020-01-25 07:38:00,3.7474165
2020-01-25 07:39:00,3.747415
2020-01-25 07:40:00,3.7474396
2020-01-25 07:41:00,3.7473993
2020-01-25 07:42:00,3.7474093
2020-01-25 07:43:00,3.7473907
2020-01-25 07:44:00,3.7474127
2020-01-25 07:45:00,3.7474158
2020-01-25 07:46:00,3.747509
2020-01-25 07:47:00,3.7475345
2020-01-25 07:48:00,3.7475028
2020-01-25 07:49:00,3.7474942
2020-01-25 07:50:00,3.7474575
2020-01-25 07:51:00,3.7474508
2020-01-25 07:52:00,3.7473483
2020-01-25 07:53:00,3.7473297
2020-01-25 07:54:00,3.7473054
2020-01-25 07:55:00,3.7473454
2020-01-25 07:56:00,3.747378
2020-01-25 07:57:00,3.7474248
2020-01-25 07:58:00,3.7473967
2020-01-25 07:59:00,3.7474387
2020-01-25 08:00:00,3.747399
2020-01-25 08:01:00,3.747421
2020-01-25 08:02:00,3.747382
2020-01-25 08:03:00,3.7473917
2020-01-25 08:04:00,3.7474158
2020-01-25 08:05:00,3.7474542
2020-01-25 08:06:00,3.7474718
2020-01-25 08:07:00,3.7474463
2020-01-25 08:08:00,3.7474473
2020-01-25 08:09:00,3.7474196
2020-01-25 08:10:00,3.747421
2020-01-25 08:11:00,3.747382
2020-01-25 08:12:00,3.7473373
2020-01-25 08:13:00,3.747299
2020-01-25 08:14:00,3.747336
2020-01-25 08:15:00,3.747369
2020-01-25 08:16:00,3.7474165
2020-01-25 08:17:00,3.747388
2020-01-25 08:18:00,3.7473633
2020-01-25 08:19:00,3.7463238
2020-01-25 08:20:00,3.7446103
2020-01-25 08:21:00,3.7413769
2020-01-25 08:22:00,3.7387068
2020-01-25 08:23:00,3.738795
2020-01-25 08:24:00,3.7411122
2020-01-25 08:25:00,3.7457998
2020-01-25 08:26:00,3.7524772
2020-01-25 08:27:00,3.7614365
2020-01-25 08:28:00,3.7705586
2020-01-25 08:29:00,3.7788408
2020-01-25 08:30:00,3.788611
2020-01-25 08:31:00,3.8020716
2020-01-25 08:32:00,3.815506
2020-01-25 08:33:00,3.8283217
2020-01-25 08:34:00,3.8381283
2020-01-25 08:35:00,3.8522968
2020-01-25 08:36:00,3.865773
2020-01-25 08:37:00,3.8780918
2020-01-25 08:38:00,3.886512
2020-01-25 08:39:00,3.8940022
2020-01-25 08:47:00,3.8970237
2020-01-25 08:48:00,3.8871748
2020-01-25 08:49:00,3.8777854
2020-01-25 08:50:00,3.8692374
2020-01-25 08:51:00,3.862691
2020-01-25 08:52:00,3.857931
2020-01-25 08:53:00,3.8599312
2020-01-25 08:54:00,3.86902
2020-01-25 08:55:00,3.8777642
2020-01-25 08:56:00,3.8793654
2020-01-25 08:57:00,3.8773587
2020-01-25 08:58:00,3.8741472
2020-01-25 08:59:00,3.870377
2020-01-25 09:00:00,3.8644602
2020-01-25 09:01:00,3.853925
2020-01-25 09:02:00,3.8432689
2020-01-25 09:03:00,3.835977
2020-01-25 09:04:00,3.8301086
2020-01-25 09:05:00,3.8254414
2020-01-25 09:06:00,3.8214817
2020-01-25 09:07:00,3.8180914
2020-01-25 09:08:00,3.8179896
2020-01-25 09:09:00,3.8178308
2020-01-25 09:10:00,3.8177886
2020-01-25 09:11:00,3.8176105
2020-01-25 09:12:00,3.817908
2020-01-25 09:13:00,3.818469
2020-01-25 09:14:00,3.8187668
2020-01-25 09:15:00,3.8183293
2020-01-25 09:16:00,3.8180401
2020-01-25 09:17:00,3.8179157
2020-01-25 09:18:00,3.8175037
2020-01-25 09:19:00,3.8167477
2020-01-25 09:20:00,3.817
2020-01-25 09:21:00,3.8173175
2020-01-25 09:22:00,3.8177605
2020-01-25 09:23:00,3.8182745
2020-01-25 09:24:00,3.8185701
2020-01-25 09:25:00,3.8188608
2020-01-25 09:26:00,3.8189838
2020-01-25 09:27:00,3.8182383
2020-01-25 09:28:00,3.8179426
2020-01-25 09:29:00,3.8178248
2020-01-25 09:30:00,3.8176079
2020-01-25 09:31:00,3.8176978
2020-01-25 09:32:00,3.8177938
2020-01-25 09:33:00,3.8178837
2020-01-25 09:34:00,3.8177764
2020-01-25 09:35:00,3.8175786
2020-01-25 09:36:00,3.8175519
2020-01-25 09:37:00,3.8213282
2020-01-25 09:38:00,3.8277228
2020-01-25 09:39:00,3.8301682
2020-01-25 09:40:00,3.8302908
2020-01-25 09:41:00,3.8291743
2020-01-25 09:42:00,3.8272042
2020-01-25 09:43:00,3.8251798
2020-01-25 09:44:00,3.8214917
2020-01-25 09:45:00,3.8185198
2020-01-25 09:46:00,3.8180497
2020-01-25 09:47:00,3.8179617
2020-01-25 09:48:00,3.818521
2020-01-25 09:49:00,3.8184226
2020-01-25 09:50:00,3.8182833
2020-01-25 09:51:00,3.8182049
2020-01-25 09:52:00,3.818163
2020-01-25 09:53:00,3.8183358
2020-01-25 09:54:00,3.8180676
2020-01-25 09:55:00,3.8178837
2020-01-25 09:56:00,3.818155
2020-01-25 09:57:00,3.8177764
2020-01-25 09:58:00,3.8175786
2020-01-25 09:59:00,3.8175519
2020-01-25 10:00:00,3.8176079
2020-01-25 10:01:00,3.8176978
2020-01-25 10:02:00,3.8177938
2020-01-25 10:03:00,3.8178837
2020-01-25 10:04:00,3.818155
2020-01-25 10:05:00,3.818155
2020-01-25 10:06:00,3.818155
2020-01-25 10:07:00,3.814997
2020-01-25 10:08:00,3.8073575
2020-01-25 10:09:00,3.7981281
2020-01-25 10:10:00,3.789591
2020-01-25 10:11:00,3.780903
2020-01-25 10:12:00,3.7728226
2020-01-25 10:13:00,3.7660494
2020-01-25 10:14:00,3.7618947
2020-01-25 10:15:00,3.7598917
2020-01-25 10:16:00,3.7583709
2020-01-25 10:17:00,3.7563858
2020-01-25 10:18:00,3.7558107
2020-01-25 10:19:00,3.7549124
2020-01-25 10:20:00,3.753492
2020-01-25 10:21:00,3.7535841
2020-01-25 10:22:00,3.7545345
2020-01-25 10:23:00,3.755287
2020-01-25 10:24:00,3.7565155
2020-01-25 10:25:00,3.756663
2020-01-25 10:26:00,3.7576962
2020-01-25 10:27:00,3.7583842
2020-01-25 10:28:00,3.756361
2020-01-25 10:29:00,3.754651
2020-01-25 10:30:00,3.752952
2020-01-25 10:31:00,3.7514167
2020-01-25 10:32:00,3.7500534
2020-01-25 10:33:00,3.7484615
2020-01-25 10:34:00,3.7465928
2020-01-25 10:35:00,3.7441907
2020-01-25 10:36:00,3.7417264
2020-01-25 10:37:00,3.7397912
2020-01-25 10:38:00,3.7380452
2020-01-25 10:39:00,3.7366164
2020-01-25 10:40:00,3.7361784
2020-01-25 10:41:00,3.7365828
2020-01-25 10:42:00,3.7364697
2020-01-25 10:43:00,3.7371309
2020-01-25 10:44:00,3.7377908
2020-01-25 10:45:00,3.7383175
2020-01-25 10:46:00,3.7386448
2020-01-25 10:47:00,3.7389228
2020-01-25 10:48:00,3.7391367
2020-01-25 10:49:00,3.73921
2020-01-25 10:50:00,3.7392178
2020-01-25 10:51:00,3.7391837
2020-01-25 10:52:00,3.7391508
2020-01-25 10:53:00,3.7396817
2020-01-25 10:54:00,3.7401714
2020-01-25 10:55:00,3.740591
2020-01-25 10:56:00,3.7409832
2020-01-25 10:57:00,3.741244
2020-01-25 10:58:00,3.7419598
2020-01-25 10:59:00,3.7426388
2020-01-25 11:00:00,3.743661
2020-01-25 11:01:00,3.7447252
2020-01-25 11:02:00,3.7461452
2020-01-25 11:03:00,3.7474546
2020-01-25 11:04:00,3.749098
2020-01-25 11:05:00,3.7505476
2020-01-25 11:06:00,3.7517178
2020-01-25 11:07:00,3.7530446
2020-01-25 11:08:00,3.7543397
2020-01-25 11:09:00,3.7557929
2020-01-25 11:10:00,3.7571628
2020-01-25 11:11:00,3.7581997
2020-01-25 11:12:00,3.7589488
2020-01-25 11:13:00,3.7596238
2020-01-25 11:14:00,3.7599525
2020-01-25 11:15:00,3.7602208
2020-01-25 11:16:00,3.7601714
2020-01-25 11:17:00,3.7596633
2020-01-25 11:18:00,3.7584546
2020-01-25 11:19:00,3.7572734
2020-01-25 11:20:00,3.7556148
2020-01-25 11:21:00,3.754586
2020-01-25 11:22:00,3.7533262
2020-01-25 11:23:00,3.7522037
2020-01-25 11:24:00,3.7514875
2020-01-25 11:25:00,3.7510784
2020-01-25 11:26:00,3.7512827
2020-01-25 11:27:00,3.7518885
2020-01-25 11:28:00,3.7528481
2020-01-25 11:29:00,3.754046
2020-01-25 11:30:00,3.7550814
2020-01-25 11:31:00,3.7558599
2020-01-25 11:32:00,3.7564645
2020-01-25 11:33:00,3.7567542
2020-01-25 11:34:00,3.7569988
2020-01-25 11:35:00,3.756969
2020-01-25 11:36:00,3.7564428
2020-01-25 11:37:00,3.7557662
2020-01-25 11:38:00,3.7562466
2020-01-25 11:39:00,3.7575762
2020-01-25 11:40:00,3.7579255
2020-01-25 11:41:00,3.758387
2020-01-25 11:42:00,3.7588692
2020-01-25 11:43:00,3.7589507
2020-01-25 11:44:00,3.7587943
2020-01-25 11:45:00,3.758262
2020-01-25 11:46:00,3.7576137
2020-01-25 11:47:00,3.757504
2020-01-25 11:48:00,3.757184
2020-01-25 11:49:00,3.7570007
2020-01-25 11:50:00,3.7570488
2020-01-25 11:51:00,3.7570367
2020-01-25 11:52:00,3.7570965
2020-01-25 11:53:00,3.7570932
2020-01-25 11:54:00,3.7570932
2020-01-25 11:55:00,3.7571235
2020-01-25 11:56:00,3.757078
2020-01-25 11:57:00,3.7570755
2020-01-25 11:58:00,3.757052
2020-01-25 11:59:00,3.7575188
2020-01-25 12:00:00,3.758149
2020-01-25 12:01:00,3.7587006
2020-01-25 12:02:00,3.7592208
2020-01-25 12:03:00,3.759634
2020-01-25 12:04:00,3.7599313
2020-01-25 12:05:00,3.760114
2020-01-25 12:06:00,3.7601461
2020-01-25 12:07:00,3.7601566
2020-01-25 12:08:00,3.7601516
2020-01-25 12:09:00,3.7601793
2020-01-25 12:10:00,3.7601907
2020-01-25 12:11:00,3.760238
2020-01-25 12:12:00,3.759777
2020-01-25 12:13:00,3.7596312
2020-01-25 12:14:00,3.7596169
2020-01-25 12:15:00,3.7592437
2020-01-25 12:16:00,3.758719
2020-01-25 12:17:00,3.7586825
2020-01-25 12:18:00,3.7589126
2020-01-25 12:19:00,3.7593153
2020-01-25 12:20:00,3.7595246
2020-01-25 12:21:00,3.7596998
2020-01-25 12:22:00,3.7599635
2020-01-25 12:23:00,3.7601755
2020-01-25 12:24:00,3.760183
2020-01-25 12:25:00,3.7601504
2020-01-25 12:26:00,3.760142
2020-01-25 12:27:00,3.7601173
2020-01-25 12:28:00,3.7601173
2020-01-25 12:29:00,3.7601707
2020-01-25 12:30:00,3.7601829
2020-01-25 12:31:00,3.7601767
2020-01-25 12:32:00,3.760114
2020-01-25 12:33:00,3.760093
2020-01-25 12:34:00,3.760091
2020-01-25 12:35:00,3.7600923
2020-01-25 12:36:00,3.7600763
2020-01-25 12:37:00,3.7600842
2020-01-25 12:38:00,3.7600925
2020-01-25 12:39:00,3.7601173
2020-01-25 12:40:00,3.7601173
2020-01-25 12:41:00,3.7601707
2020-01-25 12:42:00,3.760236
2020-01-25 12:43:00,3.760295
2020-01-25 12:44:00,3.7602916
2020-01-25 12:45:00,3.7603204
2020-01-25 12:46:00,3.7608361
2020-01-25 12:47:00,3.7615092
2020-01-25 12:48:00,3.7621124
2020-01-25 12:49:00,3.7625723
2020-01-25 12:50:00,3.762931
2020-01-25 12:51:00,3.7632325
2020-01-25 12:52:00,3.7634387
2020-01-25 12:53:00,3.7634752
2020-01-25 12:54:00,3.7635071
2020-01-25 12:55:00,3.7635407
2020-01-25 12:56:00,3.7635899
2020-01-25 12:57:00,3.7636304
2020-01-25 12:58:00,3.7641294
2020-01-25 12:59:00,3.7647336
2020-01-25 13:00:00,3.7653062
2020-01-25 13:01:00,3.7652438
2020-01-25 13:02:00,3.7654734
2020-01-25 13:03:00,3.7653568
2020-01-25 13:04:00,3.765033
2020-01-25 13:05:00,3.7645242
2020-01-25 13:06:00,3.7640944
2020-01-25 13:07:00,3.763734
2020-01-25 13:08:00,3.7635956
2020-01-25 13:09:00,3.763378
2020-01-25 13:10:00,3.7633717
2020-01-25 13:11:00,3.763427
2020-01-25 13:12:00,3.763491
2020-01-25 13:13:00,3.7634962
2020-01-25 13:14:00,3.763533
2020-01-25 13:15:00,3.7635448
2020-01-25 13:16:00,3.7634974
2020-01-25 13:17:00,3.7634723
2020-01-25 13:18:00,3.7634828
2020-01-25 13:19:00,3.763463
2020-01-25 13:20:00,3.7634487
2020-01-25 13:21:00,3.7634149
2020-01-25 13:22:00,3.7634583
2020-01-25 13:23:00,3.7635152
2020-01-25 13:24:00,3.7635133
2020-01-25 13:25:00,3.763473
2020-01-25 13:26:00,3.7629309
2020-01-25 13:27:00,3.7623174
2020-01-25 13:28:00,3.7617793
2020-01-25 13:29:00,3.7613091
2020-01-25 13:30:00,3.7614005
2020-01-25 13:31:00,3.7612762
2020-01-25 13:32:00,3.7615447
2020-01-25 13:33:00,3.7620256
2020-01-25 13:34:00,3.762447
2020-01-25 13:35:00,3.762861
2020-01-25 13:36:00,3.7631598
2020-01-25 13:37:00,3.7632177
2020-01-25 13:38:00,3.7634068
2020-01-25 13:39:00,3.7634335
2020-01-25 13:40:00,3.763463
2020-01-25 13:41:00,3.7634487
2020-01-25 13:42:00,3.7634149
2020-01-25 13:43:00,3.763406
2020-01-25 13:44:00,3.763398
2020-01-25 13:45:00,3.7634425
2020-01-25 13:46:00,3.7634299
2020-01-25 13:47:00,3.7634761
2020-01-25 13:48:00,3.7635317
2020-01-25 13:49:00,3.7635293
2020-01-25 13:50:00,3.7635057
2020-01-25 13:51:00,3.7640502
2020-01-25 13:52:00,3.7646658
2020-01-25 13:53:00,3.765732
2020-01-25 13:54:00,3.7668622
2020-01-25 13:55:00,3.7678115
2020-01-25 13:56:00,3.7685983
2020-01-25 13:57:00,3.7697155
2020-01-25 13:58:00,3.7706227
2020-01-25 13:59:00,3.7714152
2020-01-25 14:00:00,3.7718742
2020-01-25 14:01:00,3.772282
2020-01-25 14:02:00,3.7725587
2020-01-25 14:03:00,3.7727816
2020-01-25 14:04:00,3.7727792
2020-01-25 14:05:00,3.7727802
2020-01-25 14:06:00,3.7727811
2020-01-25 14:07:00,3.7727811
2020-01-25 14:08:00,3.7728124
2020-01-25 14:09:00,3.7728977
2020-01-25 14:10:00,3.7729526
2020-01-25 14:11:00,3.7729502
2020-01-25 14:12:00,3.7729266
2020-01-25 14:13:00,3.772903
2020-01-25 14:14:00,3.7729297
2020-01-25 14:15:00,3.7729044
2020-01-25 14:16:00,3.7728667
2020-01-25 14:17:00,3.772834
2020-01-25 14:18:00,3.7728744
2020-01-25 14:19:00,3.7728806
2020-01-25 14:20:00,3.7723787
2020-01-25 14:21:00,3.7707736
2020-01-25 14:22:00,3.7681239
2020-01-25 14:23:00,3.7653017
2020-01-25 14:24:00,3.7627933
2020-01-25 14:25:00,3.7601256
2020-01-25 14:26:00,3.757693
2020-01-25 14:27:00,3.755865
2020-01-25 14:28:00,3.7548351
2020-01-25 14:29:00,3.754312
2020-01-25 14:30:00,3.7539916
2020-01-25 14:31:00,3.7537189
2020-01-25 14:32:00,3.7537348
2020-01-25 14:33:00,3.7537823
2020-01-25 14:34:00,3.753769
2020-01-25 14:35:00,3.7537215
2020-01-25 14:36:00,3.753749
2020-01-25 14:37:00,3.7537184
2020-01-25 14:38:00,3.75315
2020-01-25 14:39:00,3.752461
2020-01-25 14:40:00,3.7523909
2020-01-25 14:41:00,3.7519906
2020-01-25 14:42:00,3.751573
2020-01-25 14:43:00,3.7511463
2020-01-25 14:44:00,3.7508726
2020-01-25 14:45:00,3.750897
2020-01-25 14:46:00,3.7508132
2020-01-25 14:47:00,3.7504978
2020-01-25 14:48:00,3.7504518
2020-01-25 14:49:00,3.7504091
2020-01-25 14:50:00,3.750393
2020-01-25 14:51:00,3.750362
2020-01-25 14:52:00,3.750325
2020-01-25 14:53:00,3.750389
2020-01-25 14:54:00,3.7503657
2020-01-25 14:55:00,3.7503502
2020-01-25 14:56:00,3.7503471
2020-01-25 14:57:00,3.7503476
2020-01-25 14:58:00,3.7503479
2020-01-25 14:59:00,3.7503479
2020-01-25 15:00:00,3.7503338
2020-01-25 15:01:00,3.750411
2020-01-25 15:02:00,3.7504206
2020-01-25 15:03:00,3.7504146
2020-01-25 15:04:00,3.7499137
2020-01-25 15:05:00,3.749827
2020-01-25 15:06:00,3.7499297
2020-01-25 15:07:00,3.7495227
2020-01-25 15:08:00,3.74895
2020-01-25 15:09:00,3.7483838
2020-01-25 15:10:00,3.748012
2020-01-25 15:11:00,3.747871
2020-01-25 15:12:00,3.7476158
2020-01-25 15:13:00,3.7474256
2020-01-25 15:14:00,3.7473965
2020-01-25 15:15:00,3.7474816
2020-01-25 15:16:00,3.7475367
2020-01-25 15:17:00,3.7475946
2020-01-25 15:18:00,3.7475479
2020-01-25 15:19:00,3.7480276
2020-01-25 15:20:00,3.7480478
2020-01-25 15:21:00,3.7479968
2020-01-25 15:22:00,3.7478983
2020-01-25 15:23:00,3.7477703
2020-01-25 15:24:00,3.7476826
2020-01-25 15:25:00,3.7475846
2020-01-25 15:26:00,3.7474005
2020-01-25 15:27:00,3.7474363
2020-01-25 15:28:00,3.7474542
2020-01-25 15:29:00,3.7474172
2020-01-25 15:30:00,3.747384
2020-01-25 15:31:00,3.7473366
2020-01-25 15:32:00,3.7473104
2020-01-25 15:33:00,3.7472727
2020-01-25 15:34:00,3.7472434
2020-01-25 15:35:00,3.747223
2020-01-25 15:36:00,3.7467363
2020-01-25 15:37:00,3.7465653
2020-01-25 15:38:00,3.7466629
2020-01-25 15:39:00,3.7462256
2020-01-25 15:40:00,3.746251
2020-01-25 15:41:00,3.7463975
2020-01-25 15:42:00,3.7460878
2020-01-25 15:43:00,3.745759
2020-01-25 15:44:00,3.7453218
2020-01-25 15:45:00,3.7449253
2020-01-25 15:46:00,3.7447476
2020-01-25 15:47:00,3.7444065
2020-01-25 15:48:00,3.7442539
2020-01-25 15:49:00,3.7442477
2020-01-25 15:50:00,3.7442508
2020-01-25 15:51:00,3.7441967
2020-01-25 15:52:00,3.7441907
2020-01-25 15:53:00,3.7442508
2020-01-25 15:54:00,3.744275
2020-01-25 15:55:00,3.7442596
2020-01-25 15:56:00,3.744312
2020-01-25 15:57:00,3.7443173
2020-01-25 15:58:00,3.7443204
2020-01-25 15:59:00,3.7443027
2020-01-25 16:00:00,3.7442758
2020-01-25 16:01:00,3.7442675
2020-01-25 16:02:00,3.744259
2020-01-25 16:03:00,3.7442408
2020-01-25 16:04:00,3.7442408
2020-01-25 16:05:00,3.7442944
2020-01-25 16:06:00,3.7443538
2020-01-25 16:07:00,3.744353
2020-01-25 16:08:00,3.7443912
2020-01-25 16:09:00,3.7444863
2020-01-25 16:10:00,3.7444744
2020-01-25 16:11:00,3.7444892
2020-01-25 16:12:00,3.7439144
2020-01-25 16:13:00,3.7432911
2020-01-25 16:14:00,3.7428029
2020-01-25 16:15:00,3.7423487
2020-01-25 16:16:00,3.7419708
2020-01-25 16:17:00,3.7417076
2020-01-25 16:18:00,3.741572
2020-01-25 16:19:00,3.7415674
2020-01-25 16:20:00,3.7416043
2020-01-25 16:21:00,3.7415833
2020-01-25 16:22:00,3.7416198
2020-01-25 16:23:00,3.7416062
2020-01-25 16:24:00,3.741583
2020-01-25 16:25:00,3.7415514
2020-01-25 16:26:00,3.7415352
2020-01-25 16:27:00,3.7415123
2020-01-25 16:28:00,3.7415042
2020-01-25 16:29:00,3.7414894
2020-01-25 16:30:00,3.7414894
2020-01-25 16:31:00,3.7415416
2020-01-25 16:32:00,3.7415445
2020-01-25 16:33:00,3.7415895
2020-01-25 16:34:00,3.741635
2020-01-25 16:35:00,3.7416234
2020-01-25 16:36:00,3.7411444
2020-01-25 16:37:00,3.7405987
2020-01-25 16:38:00,3.740063
2020-01-25 16:39:00,3.7397296
2020-01-25 16:40:00,3.7394316
2020-01-25 16:41:00,3.7392132
2020-01-25 16:42:00,3.7391348
2020-01-25 16:43:00,3.7391725
2020-01-25 16:44:00,3.739214
2020-01-25 16:45:00,3.7391999
2020-01-25 16:46:00,3.7391174
2020-01-25 16:47:00,3.739143
2020-01-25 16:48:00,3.7391763
2020-01-25 16:49:00,3.7392018
2020-01-25 16:50:00,3.739176
2020-01-25 16:51:00,3.7391489
2020-01-25 16:52:00,3.7391322
2020-01-25 16:53:00,3.7391686
2020-01-25 16:54:00,3.7391436
2020-01-25 16:55:00,3.7391188
2020-01-25 16:56:00,3.7391
2020-01-25 16:57:00,3.7390919
2020-01-25 16:58:00,3.7391338
2020-01-25 16:59:00,3.7391748
2020-01-25 17:00:00,3.739206
2020-01-25 17:01:00,3.7391896
2020-01-25 17:02:00,3.739166
2020-01-25 17:03:00,3.7391422
2020-01-25 17:04:00,3.7391686
2020-01-25 17:05:00,3.7386742
2020-01-25 17:06:00,3.7382011
2020-01-25 17:07:00,3.7378135
2020-01-25 17:08:00,3.7374802
2020-01-25 17:09:00,3.7373183
2020-01-25 17:10:00,3.7367609
2020-01-25 17:11:00,3.7363389
2020-01-25 17:12:00,3.7364895
2020-01-25 17:13:00,3.7362773
2020-01-25 17:14:00,3.7360706
2020-01-25 17:15:00,3.7359235
2020-01-25 17:16:00,3.7358522
2020-01-25 17:17:00,3.7357926
2020-01-25 17:18:00,3.7357738
2020-01-25 17:19:00,3.735766
2020-01-25 17:20:00,3.7357607
2020-01-25 17:21:00,3.735715
2020-01-25 17:22:00,3.7357192
2020-01-25 17:23:00,3.7357233
2020-01-25 17:24:00,3.7357266
2020-01-25 17:25:00,3.735736
2020-01-25 17:26:00,3.7357788
2020-01-25 17:27:00,3.735812
2020-01-25 17:28:00,3.735789
2020-01-25 17:29:00,3.7358108
2020-01-25 17:30:00,3.735826
2020-01-25 17:31:00,3.735835
2020-01-25 17:32:00,3.7354505
2020-01-25 17:33:00,3.7352352
2020-01-25 17:34:00,3.7351167
2020-01-25 17:35:00,3.7350368
2020-01-25 17:36:00,3.7350316
2020-01-25 17:37:00,3.735109
2020-01-25 17:38:00,3.7352188
2020-01-25 17:39:00,3.7352169
2020-01-25 17:40:00,3.735194
2020-01-25 17:41:00,3.7351856
2020-01-25 17:42:00,3.7351716
2020-01-25 17:43:00,3.735162
2020-01-25 17:44:00,3.7351701
2020-01-25 17:45:00,3.735181
2020-01-25 17:46:00,3.7352238
2020-01-25 17:47:00,3.7352078
2020-01-25 17:48:00,3.735227
2020-01-25 17:49:00,3.735204
2020-01-25 17:50:00,3.7351894
2020-01-25 17:51:00,3.734929
2020-01-25 17:52:00,3.7348726
2020-01-25 17:53:00,3.7349558
2020-01-25 17:54:00,3.7351
2020-01-25 17:55:00,3.735299
2020-01-25 17:56:00,3.7355194
2020-01-25 17:57:00,3.7357087
2020-01-25 17:58:00,3.7357144
2020-01-25 17:59:00,3.7357023
2020-01-25 18:00:00,3.7356644
2020-01-25 18:01:00,3.735664
2020-01-25 18:02:00,3.7356327
2020-01-25 18:03:00,3.7356446
2020-01-25 18:04:00,3.735657
2020-01-25 18:05:00,3.7356749
2020-01-25 18:06:00,3.7356822
2020-01-25 18:07:00,3.7356403
2020-01-25 18:08:00,3.7355852
2020-01-25 18:09:00,3.7356982
2020-01-25 18:10:00,3.73574
2020-01-25 18:11:00,3.73577
2020-01-25 18:12:00,3.735641
2020-01-25 18:13:00,3.7358217
2020-01-25 18:14:00,3.7361364
2020-01-25 18:15:00,3.736375
2020-01-25 18:16:00,3.7367544
2020-01-25 18:17:00,3.7371657
2020-01-25 18:18:00,3.7374172
2020-01-25 18:19:00,3.737366
2020-01-25 18:20:00,3.7373586
2020-01-25 18:21:00,3.7373748
2020-01-25 18:22:00,3.7374158
2020-01-25 18:23:00,3.737431
2020-01-25 18:24:00,3.7375555
2020-01-25 18:25:00,3.737606
2020-01-25 18:26:00,3.7380009
2020-01-25 18:27:00,3.7382739
2020-01-25 18:28:00,3.7388287
2020-01-25 18:29:00,3.7395413
2020-01-25 18:30:00,3.7403088
2020-01-25 18:31:00,3.740967
2020-01-25 18:32:00,3.7411025
2020-01-25 18:33:00,3.7416773
2020-01-25 18:34:00,3.74173
2020-01-25 18:35:00,3.741739
2020-01-25 18:36:00,3.7420945
2020-01-25 18:37:00,3.7436945
2020-01-25 18:38:00,3.7461958
2020-01-25 18:39:00,3.7491136
2020-01-25 18:40:00,3.7518961
2020-01-25 18:41:00,3.7544513
2020-01-25 18:42:00,3.7566202
2020-01-25 18:43:00,3.757585
2020-01-25 18:44:00,3.7575257
2020-01-25 18:45:00,3.7575612
2020-01-25 18:46:00,3.7585773
2020-01-25 18:47:00,3.7595081
2020-01-25 18:48:00,3.7596033
2020-01-25 18:49:00,3.7595642
2020-01-25 18:50:00,3.760526
2020-01-25 18:51:00,3.7621803
2020-01-25 18:52:00,3.7642598
2020-01-25 18:53:00,3.7652917
2020-01-25 18:54:00,3.7661026
2020-01-25 18:55:00,3.7656486
2020-01-25 18:56:00,3.7646
2020-01-25 18:57:00,3.7624664
2020-01-25 18:58:00,3.7617216
2020-01-25 18:59:00,3.7630541
2020-01-25 19:00:00,3.766603
2020-01-25 19:01:00,3.7724
2020-01-25 19:02:00,3.7780395
2020-01-25 19:03:00,3.7831297
2020-01-25 19:04:00,3.7874157
2020-01-25 19:05:00,3.789549
2020-01-25 19:06:00,3.7904682
2020-01-25 19:07:00,3.7905953
2020-01-25 19:08:00,3.79347
2020-01-25 19:09:00,3.79783
2020-01-25 19:10:00,3.8027637
2020-01-25 19:11:00,3.80755
2020-01-25 19:12:00,3.8119175
2020-01-25 19:13:00,3.815128
2020-01-25 19:14:00,3.8177938
2020-01-25 19:15:00,3.8182693
2020-01-25 19:16:00,3.8187406
2020-01-25 19:17:00,3.8187668
2020-01-25 19:18:00,3.8187091
2020-01-25 19:19:00,3.8182383
2020-01-25 19:20:00,3.8221092
2020-01-25 19:21:00,3.8285377
2020-01-25 19:22:00,3.834851
2020-01-25 19:23:00,3.8406956
2020-01-25 19:24:00,3.8455033
2020-01-25 19:25:00,3.8492367
2020-01-25 19:26:00,3.8527434
2020-01-25 19:27:00,3.8525293
2020-01-25 19:28:00,3.8522105
2020-01-25 19:29:00,3.8526654
2020-01-25 19:30:00,3.8533268
2020-01-25 19:31:00,3.8534565
2020-01-25 19:32:00,3.8538122
2020-01-25 19:33:00,3.8540483
2020-01-25 19:34:00,3.854049
2020-01-25 19:35:00,3.8542724
2020-01-25 19:36:00,3.8538396
2020-01-25 19:37:00,3.8538039
2020-01-25 19:38:00,3.8542545
2020-01-25 19:39:00,3.8539283
2020-01-25 19:40:00,3.8539329
2020-01-25 19:41:00,3.8538396
2020-01-25 19:42:00,3.8538039
2020-01-25 19:43:00,3.8542545
2020-01-25 19:44:00,3.8539283
2020-01-25 19:45:00,3.8539329
2020-01-25 19:46:00,3.8538396
2020-01-25 19:47:00,3.8532586
2020-01-25 19:48:00,3.8534622
2020-01-25 19:49:00,3.8536654
2020-01-25 19:50:00,3.8534565
2020-01-25 19:51:00,3.8538122
2020-01-25 19:52:00,3.8546042
2020-01-25 19:53:00,3.8548503
2020-01-25 19:54:00,3.8545432
2020-01-25 19:55:00,3.854323
2020-01-25 19:56:00,3.860341
2020-01-25 19:57:00,3.8696759
2020-01-25 19:58:00,3.8784587
2020-01-25 19:59:00,3.8857908
2020-01-25 20:00:00,3.8922434
2020-02-05 05:48:00,4.1844907
2020-02-05 05:49:00,4.185694
2020-02-05 05:50:00,4.1855874
2020-02-05 05:51:00,4.183011
2020-02-05 05:52:00,4.1809287
2020-02-05 05:53:00,4.1794734
2020-02-19 04:19:00,4.182753
2020-02-19 04:20:00,4.183812
2020-02-19 04:21:00,4.182354
2020-02-19 04:22:00,4.180887
2020-02-19 04:23:00,4.1794567
2020-02-19 04:24:00,4.1784997
2020-02-19 04:27:00,4.181093
2020-02-19 04:28:00,4.183646
2020-02-19 04:29:00,4.183582
2020-02-19 04:30:00,4.1922717
2020-02-19 04:31:00,4.1928973
2020-02-19 04:32:00,4.200915
2020-02-19 04:33:00,4.2096467
2020-02-19 04:34:00,4.205625
2020-02-19 04:35:00,4.2112017
2020-02-19 04:36:00,4.2081313
2020-02-19 04:37:00,4.208454
2020-02-19 04:38:00,4.2052183
2020-02-19 04:39:00,4.2057953
2020-02-19 04:40:00,4.2096324
2020-02-19 04:41:00,4.208821
2020-02-19 04:42:00,4.2014832
2020-02-19 04:43:00,4.1956735
2020-02-19 04:44:00,4.1967006
2020-02-19 04:45:00,4.1949987
2020-02-19 04:46:00,4.1881323
2020-02-19 04:47:00,4.1812816
2020-02-19 04:48:00,4.178036
2020-02-23 06:04:00,4.1819015
2020-02-23 06:05:00,4.1840467
2020-02-23 06:06:00,4.1829414
2020-02-23 06:07:00,4.1818676
2020-02-23 06:08:00,4.179276
2020-03-11 06:53:00,4.178252
2020-04-06 03:47:00,4.181318
2020-04-06 03:48:00,4.18244
2020-04-06 03:49:00,4.1831927
2020-04-06 03:50:00,4.18109
2020-04-06 03:51:00,4.179977
2020-04-06 03:52:00,4.178905
2020-04-11 06:12:00,4.178496
2020-04-11 06:13:00,4.178793
2020-04-11 06:14:00,4.178762
2020-04-21 13:10:00,4.180484
2020-04-21 13:11:00,4.1822085
2020-04-21 13:12:00,4.1823606
2020-04-21 13:13:00,4.1802964
2020-05-13 08:44:00,3.8763137
2020-05-13 08:45:00,3.847058
2020-05-13 08:46:00,3.8265321
2020-05-13 08:47:00,3.8138237
2020-05-13 08:48:00,3.8075805
2020-05-13 08:49:00,3.8075805
2020-05-13 08:50:00,3.8075805
2020-05-13 08:51:00,3.8075805
2020-05-13 08:52:00,3.8075805
2020-05-13 08:53:00,3.8075805
2020-05-13 08:54:00,3.8075805
2020-05-13 08:55:00,3.8075805
2020-05-13 08:56:00,3.813931
2020-05-13 08:57:00,3.8336248
2020-05-13 08:58:00,3.8726149
2020-05-19 23:19:00,3.8858979
2020-05-19 23:20:00,3.8671067
2020-05-19 23:21:00,3.8689039
2020-05-19 23:22:00,3.880645
2020-05-20 04:09:00,3.8604703
2020-05-20 04:10:00,3.8360622
2020-05-20 04:11:00,3.8187554
2020-05-20 04:12:00,3.8075805
2020-05-20 04:13:00,3.8075805
2020-05-20 04:14:00,3.8175519
2020-05-20 04:15:00,3.8463922
2020-05-20 18:27:00,3.8892877
2020-05-20 18:28:00,3.876904
2020-05-20 18:29:00,3.8687253
2020-05-20 18:30:00,3.8621206
2020-05-20 18:31:00,3.8566413
2020-05-20 18:32:00,3.8558059
2020-05-20 18:33:00,3.8521917
2020-05-20 18:34:00,3.8527539
2020-05-20 18:35:00,3.8529093
2020-05-20 18:36:00,3.8592687
2020-05-20 18:37:00,3.8680542
2020-05-20 18:38:00,3.8769667
2020-05-20 18:39:00,3.884635
2020-05-20 18:40:00,3.891945
2020-05-20 18:41:00,3.890112
2020-05-20 18:42:00,3.8844397
2020-05-20 18:43:00,3.8747373
2020-05-20 18:44:00,3.8672426
2020-05-20 18:45:00,3.8563416
2020-05-20 18:46:00,3.849388
2020-05-20 18:47:00,3.841004
2020-05-20 18:48:00,3.8353834
2020-05-20 18:49:00,3.8391767
2020-05-20 18:50:00,3.8430293
2020-05-20 18:51:00,3.851338
2020-05-20 18:52:00,3.8642347
2020-05-20 18:53:00,3.8735247
2020-05-20 18:54:00,3.8849926
2020-05-20 18:55:00,3.887789
2020-05-20 18:56:00,3.8802888
2020-05-20 18:57:00,3.8755245
2020-05-20 18:58:00,3.8677413
2020-05-20 18:59:00,3.8618197
2020-05-20 19:00:00,3.8572419
2020-05-20 19:01:00,3.8536837
2020-05-20 19:02:00,3.8533678
2020-05-20 19:03:00,3.8536837
2020-05-20 19:04:00,3.8544703
2020-05-20 19:05:00,3.8547294
2020-05-20 19:06:00,3.8542035
2020-05-20 19:07:00,3.8537762
2020-05-20 19:08:00,3.8530476
2020-05-20 19:09:00,3.8526616
2020-05-20 19:10:00,3.8520842
2020-05-20 19:11:00,3.851408
2020-05-20 19:12:00,3.851408
2020-05-20 19:13:00,3.863855
2020-05-20 19:14:00,3.8830445
2020-05-21 08:37:00,3.8780086
2020-05-21 08:38:00,3.8699133
2020-05-21 08:39:00,3.8678741
2020-05-21 08:40:00,3.8637764
2020-05-21 08:41:00,3.8631022
2020-05-21 08:42:00,3.8680816
2020-05-21 08:43:00,3.8693109
2020-05-21 08:44:00,3.8675637
2020-05-21 08:45:00,3.8626711
2020-05-21 08:46:00,3.8612344
2020-05-21 08:47:00,3.860117
2020-05-21 08:48:00,3.8586185
2020-05-21 08:49:00,3.855202
2020-05-21 08:50:00,3.8553233
2020-05-21 08:51:00,3.8556647
2020-05-21 08:52:00,3.8551133
2020-05-21 08:53:00,3.854867
2020-05-21 08:54:00,3.8548489
2020-05-21 08:55:00,3.8549383
2020-05-21 08:56:00,3.855068
2020-05-21 08:57:00,3.855202
2020-05-21 08:58:00,3.8547728
2020-05-21 08:59:00,3.854867
2020-05-21 09:00:00,3.8543
2020-05-21 09:01:00,3.8535974
2020-05-21 09:02:00,3.8529181
2020-05-21 09:03:00,3.8523328
2020-05-21 09:04:00,3.8518639
2020-05-21 09:05:00,3.8517444
2020-05-21 09:06:00,3.851408
2020-05-21 09:07:00,3.851408
2020-05-21 09:08:00,3.8519487
2020-05-21 09:09:00,3.8521917
2020-05-21 09:10:00,3.8527539
2020-05-21 09:11:00,3.8529093
2020-05-21 09:12:00,3.8528001
2020-05-21 09:13:00,3.8480732
2020-05-21 09:14:00,3.8414788
2020-05-21 09:15:00,3.83427
2020-05-21 09:16:00,3.8280165
2020-05-21 09:17:00,3.8267946
2020-05-21 09:18:00,3.8476696
2020-05-21 09:19:00,3.8817914
2020-07-10 02:52:00,3.8863635
2020-07-10 02:53:00,3.8970659
2020-08-04 18:28:00,3.8650653
2020-08-04 18:29:00,3.839706
2020-08-04 18:30:00,3.8238792
2020-08-04 18:31:00,3.8138237
2020-08-04 18:32:00,3.8075805
2020-08-04 18:33:00,3.8102953
2020-08-04 18:34:00,3.822201
2020-08-04 18:35:00,3.8477561
2020-08-04 18:36:00,3.8868237
2020-08-04 19:29:00,3.8660753
2020-08-04 19:30:00,3.8403947
2020-08-04 19:31:00,3.824176
2020-08-04 19:32:00,3.814038
2020-08-04 19:33:00,3.8075805
2020-08-04 19:34:00,3.8075805
2020-08-04 19:35:00,3.8075805
2020-08-04 19:36:00,3.8075805
2020-08-04 19:37:00,3.8075805
2020-08-04 19:38:00,3.8075805
2020-08-04 19:39:00,3.8075805
2020-08-04 19:40:00,3.8075805
2020-08-04 19:41:00,3.8075805
2020-08-04 19:42:00,3.8075805
2020-08-04 19:43:00,3.8075805
2020-08-04 19:44:00,3.8075805
2020-08-04 19:45:00,3.8075805
2020-08-04 19:46:00,3.8075805
2020-08-04 19:47:00,3.8075805
2020-08-04 19:48:00,3.8075805
2020-08-04 19:49:00,3.8075805
2020-08-04 19:50:00,3.8075805
2020-08-04 19:51:00,3.8075805
2020-08-04 19:52:00,3.8075805
2020-08-04 19:53:00,3.8075805
2020-08-04 19:54:00,3.8075805
2020-08-04 19:55:00,3.8075805
2020-08-04 19:56:00,3.8075805
2020-08-04 19:57:00,3.8075805
2020-08-04 19:58:00,3.8075805
2020-08-04 19:59:00,3.8075805
2020-08-04 20:00:00,3.8075805
2020-08-04 20:01:00,3.8075805
2020-08-04 20:02:00,3.8075805
2020-08-04 20:03:00,3.8075805
2020-08-04 20:04:00,3.8068304
2020-08-04 20:05:00,3.8119278
2020-08-04 20:06:00,3.8278842
2020-08-04 20:07:00,3.8542125
2020-08-04 20:08:00,3.8881638
2020-08-05 16:15:00,3.866403
2020-08-05 16:16:00,3.8403947
2020-08-05 16:17:00,3.824176
2020-08-05 16:18:00,3.814038
2020-08-05 16:19:00,3.8075805
2020-08-05 16:20:00,3.8075805
2020-08-05 16:21:00,3.8075805
2020-08-05 16:22:00,3.8075805
2020-08-05 16:23:00,3.8075805
2020-08-05 16:24:00,3.8075805
2020-08-05 16:25:00,3.8075805
2020-08-05 16:26:00,3.8075805
2020-08-05 16:27:00,3.8075805
2020-08-05 16:28:00,3.8075805
2020-08-05 16:29:00,3.8075805
2020-08-05 16:30:00,3.8075805
2020-08-05 16:31:00,3.8075805
2020-08-05 16:32:00,3.8068304
2020-08-05 16:33:00,3.81232
2020-08-05 16:34:00,3.82908
2020-08-05 16:35:00,3.8559058
2020-08-05 16:36:00,3.890021
2020-08-14 09:56:00,3.8658237
2020-08-14 09:57:00,3.8399804
2020-08-14 09:58:00,3.8238792
2020-08-14 09:59:00,3.8138237
2020-08-14 10:00:00,3.8075805
2020-08-14 10:01:00,3.8075805
2020-08-14 10:02:00,3.8075805
2020-08-14 10:03:00,3.8075805
2020-08-14 10:04:00,3.8075805
2020-08-14 10:05:00,3.8075805
2020-08-14 10:06:00,3.8075805
2020-08-14 10:07:00,3.8075805
2020-08-14 10:08:00,3.8075805
2020-08-14 10:09:00,3.8075805
2020-08-14 10:10:00,3.8075805
2020-08-14 10:11:00,3.8075805
2020-08-14 10:12:00,3.8075805
2020-08-14 10:13:00,3.8075805
2020-08-14 10:14:00,3.8071215
2020-08-14 10:15:00,3.8128207
2020-08-14 10:16:00,3.8296952
2020-08-14 10:17:00,3.8565602
2020-08-14 10:18:00,3.8898563
2020-08-18 09:21:00,3.8806605
2020-08-18 09:22:00,3.847906
2020-08-18 09:23:00,3.8293862
2020-08-18 09:24:00,3.8160193
2020-08-18 09:25:00,3.8075805
2020-08-18 09:26:00,3.8075805
2020-08-18 09:27:00,3.8075805
2020-08-18 09:28:00,3.8075805
2020-08-18 09:29:00,3.8075805
2020-08-18 09:30:00,3.8075805
2020-08-18 09:31:00,3.8075805
2020-08-18 09:32:00,3.8075805
2020-08-18 09:33:00,3.8075805
2020-08-18 09:34:00,3.8075805
2020-08-18 09:35:00,3.8075805
2020-08-18 09:36:00,3.8075805
2020-08-18 09:37:00,3.8075805
2020-08-18 09:38:00,3.8075805
2020-08-18 09:39:00,3.8075805
2020-08-18 09:40:00,3.8075805
2020-08-18 09:41:00,3.8075805
2020-08-18 09:42:00,3.8075805
2020-08-18 09:43:00,3.8075805
2020-08-18 09:44:00,3.8075805
2020-08-18 09:45:00,3.8075805
2020-08-18 09:46:00,3.8075805
2020-08-18 09:47:00,3.8075805
2020-08-18 09:48:00,3.8075805
2020-08-18 09:49:00,3.8075805
2020-08-18 09:50:00,3.8075805
2020-08-18 09:51:00,3.8075805
2020-08-18 09:52:00,3.8075805
2020-08-18 09:53:00,3.8075805
2020-08-18 09:54:00,3.8075805
2020-08-18 09:55:00,3.8075805
2020-08-18 09:56:00,3.8075805
2020-08-18 09:57:00,3.8075805
2020-08-18 09:58:00,3.8075805
2020-08-18 09:59:00,3.8075805
2020-08-18 10:00:00,3.813931
2020-08-18 10:01:00,3.8336248
2020-08-18 10:02:00,3.8726149
2020-09-10 13:12:00,3.8847814
2020-09-10 13:13:00,3.8507025
2020-09-10 13:14:00,3.8291366
2020-09-10 13:15:00,3.8160193
2020-09-10 13:16:00,3.813931
2020-09-10 13:17:00,3.8336248
2020-09-10 13:18:00,3.8718646
2020-09-12 04:10:00,4.1812615
2020-09-12 04:11:00,4.1838493
2020-09-12 04:12:00,4.1827693
2020-09-12 04:13:00,4.179394
2020-09-12 04:18:00,4.1800194
2020-09-12 04:19:00,4.1799703
2020-09-12 04:20:00,4.178841
2020-09-12 04:21:00,4.1858172
2020-09-12 04:22:00,4.196405
2020-09-12 04:23:00,4.1975083
2020-09-12 04:24:00,4.1928577
2020-09-12 04:25:00,4.198766
2020-09-12 04:26:00,4.1967387
2020-09-12 04:27:00,4.193324
2020-09-12 04:28:00,4.1868925
2020-09-12 04:29:00,4.1899495
2020-09-12 04:30:00,4.190274
2020-09-12 04:31:00,4.187527
2020-09-12 04:32:00,4.182238
2020-09-12 04:33:00,4.1798854
2020-09-12 04:35:00,4.1845074
2020-09-12 04:36:00,4.1820354
2020-09-12 04:37:00,4.1809144
2020-09-12 04:38:00,4.1790614
2020-09-12 04:39:00,4.18654
2020-09-12 04:40:00,4.1876907
2020-09-12 04:41:00,4.188732
2020-09-12 04:42:00,4.1834817
2020-09-12 04:43:00,4.1821594
2020-09-12 04:44:00,4.1807203
2020-09-12 04:45:00,4.187327
2020-09-12 04:46:00,4.1947117
2020-09-12 04:47:00,4.195243
2020-09-12 04:48:00,4.1926174
2020-09-12 04:49:00,4.1878934
2020-09-12 04:50:00,4.184106
2020-09-12 04:51:00,4.1811123
2020-09-12 05:02:00,4.1826735
2020-09-12 05:03:00,4.185543
2020-09-12 05:04:00,4.1846905
2020-09-12 05:05:00,4.1820073
2020-09-12 05:06:00,4.1799984
2020-09-14 14:02:00,3.8625243
2020-09-14 14:03:00,3.8352218
2020-09-14 14:04:00,3.8185256
2020-09-14 14:05:00,3.8075805
2020-09-14 14:06:00,3.8075805
2020-09-14 14:07:00,3.8075805
2020-09-14 14:08:00,3.8075805
2020-09-14 14:09:00,3.8075805
2020-09-14 14:10:00,3.8075805
2020-09-14 14:11:00,3.8075805
2020-09-14 14:12:00,3.8075805
2020-09-14 14:13:00,3.8075805
2020-09-14 14:14:00,3.8075805
2020-09-14 14:15:00,3.8075805
2020-09-14 14:16:00,3.8075805
2020-09-14 14:17:00,3.8179717
2020-09-14 14:18:00,3.8471258
2020-09-14 15:48:00,3.8626163
2020-09-14 15:49:00,3.8354778
2020-09-14 15:50:00,3.8185256
2020-09-14 15:51:00,3.8075805
2020-09-14 15:52:00,3.8075805
2020-09-14 15:53:00,3.8075805
2020-09-14 15:54:00,3.8075805
2020-09-14 15:55:00,3.8075805
2020-09-14 15:56:00,3.8075805
2020-09-14 15:57:00,3.8075805
2020-09-14 15:58:00,3.8075805
2020-09-14 15:59:00,3.8075805
2020-09-14 16:00:00,3.8075805
2020-09-14 16:01:00,3.8075805
2020-09-14 16:02:00,3.8075805
2020-09-14 16:03:00,3.8075805
2020-09-14 16:04:00,3.8075805
2020-09-14 16:05:00,3.8075805
2020-09-14 16:06:00,3.8075805
2020-09-14 16:07:00,3.8075805
2020-09-14 16:08:00,3.8075805
2020-09-14 16:09:00,3.8075805
2020-09-14 16:10:00,3.8075805
2020-09-14 16:11:00,3.8075805
2020-09-14 16:12:00,3.8075805
2020-09-14 16:13:00,3.8075805
2020-09-14 16:14:00,3.8075805
2020-09-14 16:15:00,3.8075805
2020-09-14 16:16:00,3.8075805
2020-09-14 16:17:00,3.8075805
2020-09-14 16:18:00,3.8075805
2020-09-14 16:19:00,3.8075805
2020-09-14 16:20:00,3.8075805
2020-09-14 16:21:00,3.8075805
2020-09-14 16:22:00,3.813931
2020-09-14 16:23:00,3.8336248
2020-09-14 16:24:00,3.8718646
2020-09-18 04:46:00,4.1809034
2020-09-18 04:47:00,4.18378
2020-09-18 04:48:00,4.1831446
2020-09-18 04:49:00,4.1820655
2020-09-18 04:50:00,4.17945
2020-09-18 05:04:00,4.180868
2020-09-18 05:05:00,4.183575
2020-09-18 05:06:00,4.184094
2020-09-18 05:07:00,4.182
2020-09-18 05:08:00,4.180574
2020-09-18 05:09:00,4.1782537
2020-09-18 05:11:00,4.1807184
2020-09-18 05:12:00,4.1810236
2020-09-18 05:13:00,4.190498
2020-09-18 05:14:00,4.1910048
2020-09-18 05:15:00,4.1882315
2020-09-18 05:16:00,4.1857
2020-09-18 05:17:00,4.1832266
2020-09-18 05:34:00,4.1810875
2020-09-18 05:35:00,4.182412
2020-09-18 05:36:00,4.1815453
2020-09-18 05:37:00,4.1802545
2020-09-18 05:38:00,4.1792827
2020-09-18 05:46:00,4.182641
2020-09-18 05:47:00,4.1845727
2020-09-18 05:48:00,4.1832376
2020-09-18 05:49:00,4.1810026
2020-09-18 05:50:00,4.1794195
2020-09-25 05:52:00,4.1781635
2020-10-02 07:45:00,4.1801686
2020-10-02 07:46:00,4.1820664
2020-10-02 07:47:00,4.1810837
2020-10-02 07:48:00,4.1803007
2020-10-02 07:49:00,4.178339
2020-10-06 05:23:00,4.1833243
2020-10-06 05:24:00,4.185386
2020-10-06 05:25:00,4.184376
2020-10-06 05:26:00,4.1826706
2020-10-06 05:27:00,4.1798854
2020-10-06 14:40:00,3.8965542
2020-10-06 14:41:00,3.8727322
2020-10-06 14:42:00,3.8426106
2020-10-06 14:43:00,3.811591
2020-10-06 14:44:00,3.7858043
2020-10-06 14:45:00,3.7679465
2020-10-06 14:46:00,3.752617
2020-10-06 14:47:00,3.7431839
2020-10-06 14:48:00,3.7397969
2020-10-06 14:49:00,3.739256
2020-10-06 14:50:00,3.7419715
2020-10-06 14:51:00,3.746095
2020-10-06 14:52:00,3.7518027
2020-10-06 14:53:00,3.7570395
2020-10-06 14:54:00,3.763288
2020-10-06 14:55:00,3.7750988
2020-10-06 14:56:00,3.790803
2020-10-06 14:57:00,3.8124242
2020-10-06 14:58:00,3.843735
2020-10-06 14:59:00,3.876934
2020-10-08 04:55:00,4.182692
2020-10-08 04:56:00,4.1852145
2020-10-08 04:57:00,4.193724
2020-10-08 04:58:00,4.1945243
2020-10-08 04:59:00,4.192338
2020-10-08 05:00:00,4.1960163
2020-10-08 05:01:00,4.1932025
2020-10-08 05:02:00,4.195961
2020-10-08 05:03:00,4.1952076
2020-10-08 05:04:00,4.1898427
2020-10-08 05:05:00,4.187222
2020-10-08 05:06:00,4.1942177
2020-10-08 05:07:00,4.201321
2020-10-08 05:08:00,4.2111135
2020-10-08 05:09:00,4.2166395
2020-10-08 05:10:00,4.222949
2020-10-08 05:11:00,4.2182455
2020-10-08 05:12:00,4.219407
2020-10-08 05:13:00,4.2189703
2020-10-08 05:14:00,4.2188253
2020-10-08 05:15:00,4.2207723
2020-10-08 05:16:00,4.213181
2020-10-08 05:17:00,4.213039
2020-10-08 05:18:00,4.209154
2020-10-08 05:19:00,4.209908
2020-10-08 05:20:00,4.2028904
2020-10-08 05:21:00,4.19476
2020-10-08 05:22:00,4.1960907
2020-10-08 05:23:00,4.1951118
2020-10-08 05:24:00,4.1981316
2020-10-08 05:25:00,4.206691
2020-10-08 05:26:00,4.202843
2020-10-08 05:27:00,4.209346
2020-10-08 05:28:00,4.2153897
2020-10-08 05:29:00,4.208627
2020-10-08 05:30:00,4.2117257
2020-10-08 05:31:00,4.213433
2020-10-08 05:32:00,4.215755
2020-10-08 05:33:00,4.220951
2020-10-08 05:34:00,4.223176
2020-10-08 05:35:00,4.224869
2020-10-08 05:36:00,4.2295957
2020-10-08 05:37:00,4.2296243
2020-10-08 05:38:00,4.2213235
2020-10-08 05:39:00,4.2110605
2020-10-08 05:40:00,4.2009087
2020-10-08 05:41:00,4.191701
2020-10-08 05:42:00,4.1835136
2020-10-08 05:44:00,4.182491
2020-10-08 05:45:00,4.1838055
2020-10-08 05:46:00,4.182468
2020-10-08 05:47:00,4.1810427
2020-10-08 05:48:00,4.1885095
2020-10-08 05:49:00,4.1884184
2020-10-08 05:50:00,4.185918
2020-10-08 05:51:00,4.1804533
2020-10-08 05:52:00,4.1864285
2020-10-08 05:53:00,4.186951
2020-10-08 05:54:00,4.194278
2020-10-08 05:55:00,4.190629
2020-10-08 05:56:00,4.1891994
2020-10-08 05:57:00,4.186854
2020-10-08 05:58:00,4.1938267
2020-10-08 05:59:00,4.2009664
2020-10-08 06:00:00,4.2096376
2020-10-08 06:01:00,4.21517
2020-10-08 06:02:00,4.2118545
2020-10-08 06:03:00,4.2153654
2020-10-08 06:04:00,4.2108083
2020-10-08 06:05:00,4.2100368
2020-10-08 06:06:00,4.203284
2020-10-08 06:07:00,4.203695
2020-10-08 06:08:00,4.198259
2020-10-08 06:09:00,4.194358
2020-10-08 06:10:00,4.18699
2020-10-08 06:11:00,4.182907
2020-10-12 05:40:00,4.179101
2020-10-12 05:41:00,4.1814637
2020-10-12 05:42:00,4.1817884
2020-10-12 05:43:00,4.181699
2020-10-12 05:44:00,4.181724
2020-10-12 05:45:00,4.1795244
2020-10-15 01:49:00,4.1816797
2020-10-15 01:50:00,4.183411
2020-10-15 01:51:00,4.18212
2020-10-15 01:52:00,4.18106
2020-10-15 01:53:00,4.178871
2020-10-15 17:00:00,4.1800094
2020-10-15 17:01:00,4.1828017
2020-10-15 17:02:00,4.182447
2020-10-15 17:03:00,4.1805687
2020-10-15 17:04:00,4.1792126
2020-10-16 04:33:00,4.1800594
2020-10-16 04:34:00,4.182405
2020-10-16 04:35:00,4.182329
2020-10-16 04:36:00,4.180668
2020-10-16 04:37:00,4.178383
2020-10-16 05:08:00,4.1810746
2020-10-16 05:09:00,4.18277
2020-10-16 05:10:00,4.1820354
2020-10-16 05:11:00,4.180024
2020-10-16 05:12:00,4.178374
2020-10-18 03:40:00,4.181039
2020-10-18 03:41:00,4.1838
2020-10-18 03:42:00,4.1840296
2020-10-18 03:43:00,4.183618
2020-10-18 03:44:00,4.1832514
2020-10-18 03:45:00,4.1816916
2020-10-18 03:46:00,4.179358
2020-10-18 05:10:00,4.1828403
2020-10-18 05:11:00,4.184745
2020-10-18 05:12:00,4.185681
2020-10-18 05:13:00,4.184466
2020-10-18 05:14:00,4.183012
2020-10-18 05:15:00,4.1811
2020-10-18 05:16:00,4.179392
2020-10-18 05:23:00,4.182491
2020-10-18 05:24:00,4.184808
2020-10-18 05:25:00,4.1856985
2020-10-18 05:26:00,4.1836534
2020-10-18 05:27:00,4.1837687
2020-10-18 05:28:00,4.1915784
2020-10-18 05:29:00,4.2006774
2020-10-18 05:30:00,4.1976748
2020-10-18 05:31:00,4.194475
2020-10-18 05:32:00,4.2000957
2020-10-18 05:33:00,4.2073264
2020-10-18 05:34:00,4.204848
2020-10-18 05:35:00,4.207416
2020-10-18 05:36:00,4.2016406
2020-10-18 05:37:00,4.207077
2020-10-18 05:38:00,4.213989
2020-10-18 05:39:00,4.2073464
2020-10-18 05:40:00,4.2083893
2020-10-18 05:41:00,4.209149
2020-10-18 05:42:00,4.2114797
2020-10-18 05:43:00,4.218249
2020-10-18 05:44:00,4.2111173
2020-10-18 05:45:00,4.2017064
2020-10-18 05:46:00,4.196274
2020-10-18 05:47:00,4.1882353
2020-10-18 05:48:00,4.1921515
2020-10-18 05:49:00,4.1885695
2020-10-18 05:50:00,4.18435
2020-10-18 05:51:00,4.182451
2020-10-18 05:52:00,4.180853
2020-10-18 05:53:00,4.1781163
2020-10-20 04:53:00,4.1811767
2020-10-20 04:54:00,4.1822085
2020-10-20 04:55:00,4.19201
2020-10-20 04:56:00,4.1920004
2020-10-20 04:57:00,4.1890697
2020-10-20 04:58:00,4.1863627
2020-10-20 04:59:00,4.182411
2020-10-20 05:01:00,4.1843047
2020-10-20 05:02:00,4.181603
2020-10-20 05:03:00,4.1809144
2020-10-20 05:04:00,4.189917
2020-10-20 05:05:00,4.1897693
2020-10-20 05:06:00,4.1979895
2020-10-20 05:07:00,4.1977715
2020-10-20 05:08:00,4.1911774
2020-10-20 05:09:00,4.187224
2020-10-20 05:10:00,4.18402
2020-10-20 05:11:00,4.178259
2020-10-20 05:21:00,4.1821012
2020-10-20 05:22:00,4.1842194
2020-10-20 05:23:00,4.183373
2020-10-20 05:24:00,4.1818676
2020-10-20 05:25:00,4.1901345
2020-10-20 05:26:00,4.1907935
2020-10-20 05:27:00,4.1990886
2020-10-20 05:28:00,4.1959944
2020-10-20 05:29:00,4.1937494
2020-10-20 05:30:00,4.1993966
2020-10-20 05:31:00,4.197628
2020-10-20 05:32:00,4.191192
2020-10-20 05:33:00,4.18705
2020-10-20 05:34:00,4.180853
2020-10-20 05:35:00,4.1791387
2020-10-29 03:35:00,4.178422
2020-10-31 05:25:00,4.178273
2020-10-31 05:27:00,4.178773
2020-10-31 05:28:00,4.1875277
2020-10-31 05:29:00,4.18767
2020-10-31 05:30:00,4.185163
2020-10-31 05:31:00,4.182507
2020-10-31 05:32:00,4.1794252
2020-10-31 05:43:00,4.1850505
2020-10-31 05:44:00,4.1871696
2020-10-31 05:45:00,4.186685
2020-10-31 05:46:00,4.184007
2020-10-31 05:47:00,4.1810293
2020-10-31 05:48:00,4.179492
2020-10-31 05:49:00,4.1782236
2020-10-31 05:51:00,4.183525
2020-10-31 05:52:00,4.1855793
2020-10-31 05:53:00,4.184544
2020-10-31 05:54:00,4.1831007
2020-10-31 05:55:00,4.180905
2020-10-31 05:56:00,4.17931
2020-10-31 06:02:00,4.1820507
2020-10-31 06:03:00,4.183577
2020-10-31 06:04:00,4.183676
2020-10-31 06:05:00,4.1824446
2020-10-31 06:06:00,4.181231
2020-10-31 06:07:00,4.188552
2020-10-31 06:08:00,4.1893654
2020-10-31 06:09:00,4.1839447
2020-10-31 06:10:00,4.191517
2020-10-31 06:11:00,4.1906366
2020-10-31 06:12:00,4.1884317
2020-10-31 06:13:00,4.1846786
2020-10-31 06:14:00,4.1792307
2020-11-02 05:22:00,4.1826735
2020-11-02 05:23:00,4.1845427
2020-11-02 05:24:00,4.185485
2020-11-02 05:25:00,4.1842937
2020-11-02 05:26:00,4.1815624
2020-11-02 05:27:00,4.179864
2020-11-02 13:07:00,3.886548
2020-11-02 13:08:00,3.8519063
2020-11-02 13:09:00,3.8403459
2020-11-02 13:10:00,3.8480625
2020-11-02 13:11:00,3.87179
2020-11-03 00:15:00,4.1828403
2020-11-03 00:16:00,4.184745
2020-11-03 00:17:00,4.1846776
2020-11-03 00:18:00,4.1832466
2020-11-03 00:19:00,4.1808205
2020-11-03 00:20:00,4.178852
2020-11-05 05:36:00,4.1844563
2020-11-05 05:37:00,4.185974
2020-11-05 05:38:00,4.194993
2020-11-05 05:39:00,4.2039948
2020-11-05 05:40:00,4.202602
2020-11-05 05:41:00,4.2073336
2020-11-05 05:42:00,4.2034574
2020-11-05 05:43:00,4.194497
2020-11-05 05:44:00,4.1921434
2020-11-05 05:45:00,4.1943216
2020-11-05 05:46:00,4.19791
2020-11-05 05:47:00,4.2073355
2020-11-05 05:48:00,4.2122765
2020-11-05 05:49:00,4.211035
2020-11-05 05:50:00,4.2147107
2020-11-05 05:51:00,4.210653
2020-11-05 05:52:00,4.2115793
2020-11-05 05:53:00,4.205975
2020-11-05 05:54:00,4.198106
2020-11-05 05:55:00,4.190891
2020-11-05 05:56:00,4.188225
2020-11-05 05:57:00,4.181543
2020-11-05 05:58:00,4.1781178
2020-11-05 06:06:00,4.182487
2020-11-05 06:07:00,4.186013
2020-11-05 06:08:00,4.1849856
2020-11-05 06:09:00,4.1834083
2020-11-05 06:10:00,4.1819115
2020-11-05 06:11:00,4.180116
2020-11-05 06:12:00,4.1785855
2020-11-06 05:35:00,4.178052
2020-11-06 05:36:00,4.1782284
2020-11-06 05:37:00,4.1780486
2020-11-09 05:12:00,4.178915
2020-11-09 05:13:00,4.1818056
2020-11-09 05:14:00,4.1824265
2020-11-09 05:15:00,4.180881
2020-11-09 05:16:00,4.179649
2020-11-09 05:17:00,4.1785603
2020-11-15 01:53:00,4.183851
2020-11-15 01:54:00,4.1865425
2020-11-15 01:55:00,4.1864934
2020-11-15 01:56:00,4.1848493
2020-11-15 01:57:00,4.1828465
2020-11-15 01:58:00,4.180898
2020-11-15 01:59:00,4.179196
2020-11-15 02:05:00,4.1823134
2020-11-15 02:06:00,4.1845865
2020-11-15 02:07:00,4.1837726
2020-11-15 02:08:00,4.1812215
2020-11-15 02:09:00,4.180685
2020-11-15 02:10:00,4.178335
2020-11-15 02:19:00,4.182114
2020-11-15 02:20:00,4.1844144
2020-11-15 02:21:00,4.1833415
2020-11-15 02:22:00,4.182238
2020-11-15 02:23:00,4.1798854
2020-11-15 02:24:00,4.17807
2020-11-15 02:27:00,4.1836514
2020-11-15 02:28:00,4.186371
2020-11-15 02:29:00,4.186064
2020-11-15 02:30:00,4.1848493
2020-11-15 02:31:00,4.1818304
2020-11-15 02:32:00,4.179662
2020-11-15 02:47:00,4.1800766
2020-11-15 02:48:00,4.182843
2020-11-15 02:49:00,4.1829777
2020-11-15 02:50:00,4.1918445
2020-11-15 02:51:00,4.202408
2020-11-15 02:52:00,4.2028356
2020-11-15 02:53:00,4.1997757
2020-11-15 02:54:00,4.191559
2020-11-15 02:55:00,4.1962814
2020-11-15 02:56:00,4.1946144
2020-11-15 02:57:00,4.1972737
2020-11-15 02:58:00,4.19374
2020-11-15 02:59:00,4.2013464
2020-11-15 03:00:00,4.200385
2020-11-15 03:01:00,4.1961474
2020-11-15 03:02:00,4.187885
2020-11-15 03:03:00,4.1842217
2020-11-15 03:04:00,4.178696
2020-11-15 03:06:00,4.182256
2020-11-15 03:07:00,4.1944213
2020-11-15 03:08:00,4.1967397
2020-11-15 03:09:00,4.203916
2020-11-15 03:10:00,4.211755
2020-11-15 03:11:00,4.2097564
2020-11-15 03:12:00,4.204924
2020-11-15 03:13:00,4.1988745
2020-11-15 03:14:00,4.1917367
2020-11-15 03:15:00,4.1901793
2020-11-15 03:16:00,4.193462
2020-11-15 03:17:00,4.1904817
2020-11-15 03:18:00,4.189143
2020-11-15 03:19:00,4.196482
2020-11-15 03:20:00,4.195095
2020-11-15 03:21:00,4.1925783
2020-11-15 03:22:00,4.187597
2020-11-15 03:23:00,4.190492
2020-11-15 03:24:00,4.190475
2020-11-15 03:25:00,4.187534
2020-11-15 03:26:00,4.1808505
2020-11-15 03:27:00,4.178036
2020-11-15 03:28:00,4.1853952
2020-11-15 03:29:00,4.1856065
2020-11-15 03:30:00,4.1915274
2020-11-15 03:31:00,4.1927166
2020-11-15 03:32:00,4.201031
2020-11-15 03:33:00,4.2005305
2020-11-15 03:34:00,4.206803
2020-11-15 03:35:00,4.204734
2020-11-15 03:36:00,4.2017775
2020-11-15 03:37:00,4.1930947
2020-11-15 03:38:00,4.1984987
2020-11-15 03:39:00,4.1939683
2020-11-15 03:40:00,4.190423
2020-11-15 03:41:00,4.1841063
2020-11-15 03:42:00,4.180041
2020-11-15 03:43:00,4.178208
2020-11-15 03:45:00,4.1820507
2020-11-15 03:46:00,4.194228
2020-11-15 03:47:00,4.2050567
2020-11-15 03:48:00,4.204231
2020-11-15 03:49:00,4.1998057
2020-11-15 03:50:00,4.204224
2020-11-15 03:51:00,4.21013
2020-11-15 03:52:00,4.203505
2020-11-15 03:53:00,4.1951566
2020-11-15 03:54:00,4.1872206
2020-11-15 03:55:00,4.1929674
2020-11-15 03:56:00,4.197147
2020-11-15 03:57:00,4.1926866
2020-11-15 03:58:00,4.1868205
2020-11-15 03:59:00,4.1837726
2020-11-15 04:00:00,4.1804314
2020-11-15 04:01:00,4.1882463
2020-11-15 04:02:00,4.1861243
2020-11-15 04:03:00,4.184094
2020-11-15 04:04:00,4.1830144
2020-11-15 04:05:00,4.1818066
2020-11-15 04:06:00,4.188391
2020-11-15 04:07:00,4.198424
2020-11-15 04:08:00,4.195973
2020-11-15 04:09:00,4.194234
2020-11-15 04:10:00,4.19006
2020-11-15 04:11:00,4.1873455
2020-11-15 04:12:00,4.194117
2020-11-15 04:13:00,4.191271
2020-11-15 04:14:00,4.18669
2020-11-15 04:15:00,4.1850424
2020-11-15 04:16:00,4.182
2020-11-15 04:17:00,4.1899548
2020-11-15 04:18:00,4.189959
2020-11-15 04:19:00,4.184489
2020-11-15 04:20:00,4.182825
2020-11-15 04:21:00,4.1810603
2020-11-15 04:22:00,4.178426
2020-11-15 04:25:00,4.1822248
2020-11-15 04:26:00,4.1850104
2020-11-15 04:27:00,4.1848936
2020-11-15 04:28:00,4.183618
2020-11-15 04:29:00,4.1812234
2020-11-15 04:30:00,4.185231
2020-11-15 04:31:00,4.1949944
2020-11-15 04:32:00,4.193773
2020-11-15 04:33:00,4.20045
2020-11-15 04:34:00,4.1994505
2020-11-15 04:35:00,4.1960254
2020-11-15 04:36:00,4.191082
2020-11-15 04:37:00,4.18488
2020-11-15 04:38:00,4.188861
2020-11-15 04:39:00,4.18832
2020-11-15 04:40:00,4.1942058
2020-11-15 04:41:00,4.1948595
2020-11-15 04:42:00,4.191773
2020-11-15 04:43:00,4.19837
2020-11-15 04:44:00,4.205582
2020-11-15 04:45:00,4.2003427
2020-11-15 04:46:00,4.197134
2020-11-15 04:47:00,4.189869
2020-11-15 04:48:00,4.1875153
2020-11-15 04:49:00,4.1839347
2020-11-15 04:50:00,4.1781216
2020-11-15 05:10:00,4.182965
2020-11-15 05:11:00,4.1933856
2020-11-15 05:12:00,4.204288
2020-11-15 05:13:00,4.211147
2020-11-15 05:14:00,4.2183895
2020-11-15 05:15:00,4.2181926
2020-11-15 05:16:00,4.2125998
2020-11-15 05:17:00,4.2107444
2020-11-15 05:18:00,4.2127895
2020-11-15 05:19:00,4.215172
2020-11-15 05:20:00,4.2121663
2020-11-15 05:21:00,4.2139854
2020-11-15 05:22:00,4.219103
2020-11-15 05:23:00,4.2155657
2020-11-15 05:24:00,4.2152457
2020-11-15 05:25:00,4.2152586
2020-11-15 05:26:00,4.218024
2020-11-15 05:27:00,4.2140336
2020-11-15 05:28:00,4.214462
2020-11-15 05:29:00,4.2160816
2020-11-15 05:30:00,4.2217903
2020-11-15 05:31:00,4.2142406
2020-11-15 05:32:00,4.2149396
2020-11-15 05:33:00,4.216253
2020-11-15 05:34:00,4.2209077
2020-11-15 05:35:00,4.2228518
2020-11-15 05:36:00,4.2244177
2020-11-15 05:37:00,4.2262216
2020-11-15 05:38:00,4.230859
2020-11-15 05:39:00,4.2313027
2020-11-15 05:40:00,4.230262
2020-11-15 05:41:00,4.229608
2020-11-15 05:42:00,4.229671
2020-11-15 05:43:00,4.2204723
2020-11-15 05:44:00,4.2087626
2020-11-15 05:45:00,4.20686
2020-11-15 05:46:00,4.2093363
2020-11-15 05:47:00,4.2139554
2020-11-15 05:48:00,4.218389
2020-11-15 05:49:00,4.2130923
2020-11-15 05:50:00,4.2072835
2020-11-15 05:51:00,4.209405
2020-11-15 05:52:00,4.202218
2020-11-15 05:53:00,4.1933455
2020-11-15 05:54:00,4.18503
2020-11-15 05:55:00,4.1889277
2020-11-15 05:56:00,4.198295
2020-11-15 05:57:00,4.20832
2020-11-15 05:58:00,4.2142997
2020-11-15 05:59:00,4.221994
2020-11-15 06:00:00,4.2191377
2020-11-15 06:01:00,4.2219033
2020-11-15 06:02:00,4.212372
2020-11-15 06:03:00,4.202797
2020-11-15 06:04:00,4.193654
2020-11-15 06:05:00,4.1850095
2020-11-15 06:06:00,4.1877723
2020-11-15 06:07:00,4.1872067
2020-11-15 06:08:00,4.1817183
2020-11-15 06:09:00,4.1806884
2020-11-15 06:10:00,4.1792827
2020-11-15 06:11:00,4.1780624
2020-11-15 06:15:00,4.1814775
2020-11-15 06:16:00,4.184007
2020-11-15 06:17:00,4.184094
2020-11-15 06:18:00,4.1830144
2020-11-15 06:19:00,4.1818066
2020-11-15 06:20:00,4.1804624
2020-11-15 06:21:00,4.1781735
2020-11-16 14:27:00,3.8859725
2020-11-16 14:28:00,3.8513238
2020-11-16 14:29:00,3.8299537
2020-11-16 14:30:00,3.8162441
2020-11-16 14:31:00,3.8075805
2020-11-16 14:32:00,3.8075805
2020-11-16 14:33:00,3.8075805
2020-11-16 14:34:00,3.8075805
2020-11-16 14:35:00,3.8075805
2020-11-16 14:36:00,3.8179717
2020-11-16 14:37:00,3.8465059
2020-11-16 14:38:00,3.8901324
2020-11-18 05:51:00,4.1835556
2020-11-18 05:52:00,4.184413
2020-11-18 05:53:00,4.1837945
2020-11-18 05:54:00,4.1811013
2020-11-18 05:55:00,4.178383
2020-11-21 01:11:00,4.17927
2020-11-21 01:12:00,4.178509
2020-11-21 01:14:00,4.1789236
2020-11-21 05:02:00,4.1844563
2020-11-21 05:03:00,4.186972
2020-11-21 05:04:00,4.1864934
2020-11-21 05:05:00,4.1848493
2020-11-21 05:06:00,4.1828465
2020-11-21 05:07:00,4.180898
2020-11-21 05:08:00,4.1781735
2020-11-21 05:43:00,4.179702
2020-11-21 05:44:00,4.181231
2020-11-21 05:45:00,4.1813226
2020-11-21 05:46:00,4.1798625
2020-11-22 05:57:00,4.1826587
2020-11-22 05:58:00,4.1840086
2020-11-22 05:59:00,4.183676
2020-11-22 06:00:00,4.1834536
2020-11-22 06:01:00,4.182457
2020-11-22 06:02:00,4.180834
2020-11-22 06:03:00,4.179598
2020-11-24 05:22:00,4.1833067
2020-11-24 05:23:00,4.1846023
2020-11-24 05:24:00,4.1828685
2020-11-24 05:25:00,4.1814137
2020-11-24 05:26:00,4.179201
2020-11-24 05:32:00,4.1813064
2020-11-24 05:33:00,4.1840143
2020-11-24 05:34:00,4.193706
2020-11-24 05:35:00,4.1946416
2020-11-24 05:36:00,4.2025833
2020-11-24 05:37:00,4.2064915
2020-11-24 05:38:00,4.2027073
2020-11-24 05:39:00,4.195142
2020-11-24 05:40:00,4.199524
2020-11-24 05:41:00,4.1935415
2020-11-24 05:42:00,4.1992054
2020-11-24 05:43:00,4.2034483
2020-11-24 05:44:00,4.2003865
2020-11-24 05:45:00,4.2058797
2020-11-24 05:46:00,4.2117543
2020-11-24 05:47:00,4.2064495
2020-11-24 05:48:00,4.211577
2020-11-24 05:49:00,4.2055316
2020-11-24 05:50:00,4.2067657
2020-11-24 05:51:00,4.2136097
2020-11-24 05:52:00,4.2082014
2020-11-24 05:53:00,4.2008657
2020-11-24 05:54:00,4.195927
2020-11-24 05:55:00,4.187121
2020-11-24 05:56:00,4.1824474
2020-11-24 05:59:00,4.179702
2020-11-24 06:00:00,4.181231
2020-11-24 06:01:00,4.1813226
2020-11-24 06:02:00,4.18088
2020-11-24 06:03:00,4.1800327
2020-11-24 06:04:00,4.180096
2020-11-24 06:05:00,4.1783905
2020-11-25 03:07:00,4.1794667
2020-11-25 03:08:00,4.181404
2020-11-25 03:09:00,4.181755
2020-11-25 03:10:00,4.18088
2020-11-25 03:11:00,4.1790123
2020-11-25 05:39:00,4.1781893
2020-11-25 05:40:00,4.178615
2020-11-25 05:41:00,4.178163
2020-11-27 05:50:00,4.1824045
2020-11-27 05:51:00,4.186738
2020-11-27 05:52:00,4.1860957
2020-11-27 05:53:00,4.1833496
2020-11-27 05:54:00,4.1814413
2020-11-27 05:55:00,4.1855054
2020-11-27 05:56:00,4.185258
2020-11-27 05:57:00,4.1810145
2020-11-27 05:58:00,4.178929
2020-11-27 05:59:00,4.178093
2020-11-28 04:53:00,4.1832633
2020-11-28 04:54:00,4.1854386
2020-11-28 04:55:00,4.1848936
2020-11-28 04:56:00,4.183618
2020-11-28 04:57:00,4.1812234
2020-11-28 04:58:00,4.179225
2020-11-28 05:01:00,4.1831255
2020-11-28 05:02:00,4.184212
2020-11-28 05:03:00,4.183735
2020-11-28 05:04:00,4.1817074
2020-11-28 05:05:00,4.1877813
2020-11-28 05:06:00,4.187957
2020-11-28 05:07:00,4.187419
2020-11-28 05:08:00,4.181908
2020-11-28 05:09:00,4.180655
2020-11-28 05:10:00,4.1781144
2020-11-28 05:11:00,4.1858716
2020-11-28 05:12:00,4.1884017
2020-11-28 05:13:00,4.189994
2020-11-28 05:14:00,4.18749
2020-11-28 05:15:00,4.185403
2020-11-28 05:16:00,4.182904
2020-11-28 05:17:00,4.1799693
2020-11-28 05:26:00,4.185088
2020-11-28 05:27:00,4.1851635
2020-11-28 05:28:00,4.1939683
2020-11-28 05:29:00,4.193746
2020-11-28 05:30:00,4.1910076
2020-11-28 05:31:00,4.1869087
2020-11-28 05:32:00,4.193389
2020-11-28 05:33:00,4.18997
2020-11-28 05:34:00,4.188041
2020-11-28 05:35:00,4.1912394
2020-11-28 05:36:00,4.19178
2020-11-28 05:37:00,4.188772
2020-11-28 05:38:00,4.1860414
2020-11-28 05:39:00,4.1813107
2020-11-28 05:40:00,4.1801066
2020-11-28 05:41:00,4.1791615
2020-11-29 05:06:00,4.181956
2020-11-29 05:07:00,4.184076
2020-11-29 05:08:00,4.183462
2020-11-29 05:09:00,4.182329
2020-11-29 05:10:00,4.1798654
2020-11-30 05:40:00,4.181132
2020-11-30 05:41:00,4.182578
2020-11-30 05:42:00,4.182761
2020-11-30 05:43:00,4.180668
2020-11-30 05:44:00,4.179405
2020-11-30 05:45:00,4.1783285
2020-11-30 05:46:00,4.178176
2020-12-01 08:31:00,3.886548
2020-12-01 08:32:00,3.8519063
2020-12-01 08:33:00,3.8299537
2020-12-01 08:34:00,3.8162441
2020-12-01 08:35:00,3.8075805
2020-12-01 08:36:00,3.8075805
2020-12-01 08:37:00,3.8075805
2020-12-01 08:38:00,3.8075805
2020-12-01 08:39:00,3.8075805
2020-12-01 08:40:00,3.8075805
2020-12-01 08:41:00,3.8075805
2020-12-01 08:42:00,3.8075805
2020-12-01 08:43:00,3.8075805
2020-12-01 08:44:00,3.8075805
2020-12-01 08:45:00,3.813931
2020-12-01 08:46:00,3.8336248
2020-12-01 08:47:00,3.8726149
2020-12-02 14:51:00,4.182491
2020-12-02 14:52:00,4.1838055
2020-12-02 14:53:00,4.182468
2020-12-02 14:54:00,4.1810427
2020-12-02 14:55:00,4.1785913
2020-12-05 02:07:00,4.1811914
2020-12-05 02:08:00,4.182018
2020-12-05 02:09:00,4.1817718
2020-12-05 02:10:00,4.18061
2020-12-05 02:11:00,4.1793575
2020-12-05 02:12:00,4.178203
2020-12-06 05:37:00,4.183498
2020-12-06 05:38:00,4.1848154
2020-12-06 05:39:00,4.1929607
2020-12-06 05:40:00,4.1923957
2020-12-06 05:41:00,4.189149
2020-12-06 05:42:00,4.1859818
2020-12-06 05:43:00,4.1820574
2020-12-06 05:49:00,4.1795645
2020-12-06 05:50:00,4.181862
2020-12-06 05:51:00,4.1818986
2020-12-06 05:52:00,4.1902146
2020-12-06 05:53:00,4.191829
2020-12-06 05:54:00,4.189694
2020-12-06 05:55:00,4.195577
2020-12-06 05:56:00,4.1926126
2020-12-06 05:57:00,4.1904283
2020-12-06 05:58:00,4.1864486
2020-12-06 05:59:00,4.189566
2020-12-06 06:00:00,4.1884856
2020-12-06 06:01:00,4.186924
2020-12-06 06:02:00,4.18293
2020-12-06 06:03:00,4.1816955
2020-12-06 06:04:00,4.189146
2020-12-06 06:05:00,4.1889586
2020-12-06 06:06:00,4.1845307
2020-12-06 06:07:00,4.18231
2020-12-06 06:08:00,4.1792517
2020-12-06 06:39:00,4.178823
2020-12-06 06:40:00,4.180722
2020-12-06 06:41:00,4.180483
2020-12-06 06:42:00,4.180192
2020-12-06 06:43:00,4.1792035
2020-12-06 06:44:00,4.178203
2020-12-06 06:52:00,4.1810274
2020-12-06 06:53:00,4.1838293
2020-12-06 06:54:00,4.192646
2020-12-06 06:55:00,4.2032056
2020-12-06 06:56:00,4.211373
2020-12-06 06:57:00,4.218486
2020-12-06 06:58:00,4.21592
2020-12-06 06:59:00,4.206712
2020-12-06 07:00:00,4.2098484
2020-12-06 07:01:00,4.202202
2020-12-06 07:02:00,4.194262
2020-12-06 07:03:00,4.1874404
2020-12-06 07:04:00,4.1916504
2020-12-06 07:05:00,4.1919827
2020-12-06 07:06:00,4.190036
2020-12-06 07:07:00,4.184418
2020-12-06 07:08:00,4.180809
2020-12-06 07:09:00,4.179437
2020-12-06 07:12:00,4.182144
2020-12-06 07:13:00,4.183399
2020-12-06 07:14:00,4.1831007
2020-12-06 07:15:00,4.1825476
2020-12-06 07:16:00,4.1796217
2020-12-06 07:17:00,4.178277
2020-12-06 07:18:00,4.1868815
2020-12-06 07:19:00,4.1845427
2020-12-06 07:20:00,4.185485
2020-12-06 07:21:00,4.1940403
2020-12-06 07:22:00,4.20296
2020-12-06 07:23:00,4.202882
2020-12-06 07:24:00,4.1982937
2020-12-06 07:25:00,4.1905794
2020-12-06 07:26:00,4.196007
2020-12-06 07:27:00,4.194214
2020-12-06 07:28:00,4.188336
2020-12-06 07:29:00,4.183292
2020-12-06 07:30:00,4.1816516
2020-12-06 07:31:00,4.179305
2020-12-07 05:24:00,4.178422
2020-12-09 05:36:00,4.178794
2020-12-09 05:37:00,4.180084
2020-12-09 05:38:00,4.1788425
2020-12-09 05:39:00,4.178208
2020-12-15 03:03:00,4.183931
2020-12-15 03:04:00,4.1868114
2020-12-15 03:05:00,4.1855874
2020-12-15 03:06:00,4.1838393
2020-12-15 03:07:00,4.1819115
2020-12-15 03:08:00,4.180116
2020-12-15 03:09:00,4.1785855
2020-12-15 03:11:00,4.182275
2020-12-15 03:12:00,4.1846504
2020-12-15 03:13:00,4.184382
2020-12-15 03:14:00,4.1830945
2020-12-15 03:15:00,4.1804605
2020-12-15 03:16:00,4.178651
2020-12-15 03:20:00,4.183063
2020-12-15 03:21:00,4.184378
2020-12-15 03:22:00,4.1832695
2020-12-15 03:23:00,4.1816487
2020-12-15 03:24:00,4.180048
2020-12-15 03:25:00,4.1786375
2020-12-15 03:26:00,4.1866984
2020-12-15 03:27:00,4.1847835
2020-12-15 03:28:00,4.1849527
2020-12-15 03:29:00,4.192714
2020-12-15 03:30:00,4.192778
2020-12-15 03:31:00,4.1993313
2020-12-15 03:32:00,4.1982183
2020-12-15 03:33:00,4.192338
2020-12-15 03:34:00,4.1979117
2020-12-15 03:35:00,4.19649
2020-12-15 03:36:00,4.1906304
2020-12-15 03:37:00,4.1973705
2020-12-15 03:38:00,4.203414
2020-12-15 03:39:00,4.2022896
2020-12-15 03:40:00,4.198598
2020-12-15 03:41:00,4.2001243
2020-12-15 03:42:00,4.206824
2020-12-15 03:43:00,4.2049174
2020-12-15 03:44:00,4.206166
2020-12-15 03:45:00,4.210301
2020-12-15 03:46:00,4.2079544
2020-12-15 03:47:00,4.212242
2020-12-15 03:48:00,4.214307
2020-12-15 03:49:00,4.2169566
2020-12-15 03:50:00,4.2137456
2020-12-15 03:51:00,4.2144604
2020-12-15 03:52:00,4.216925
2020-12-15 03:53:00,4.2130017
2020-12-15 03:54:00,4.213138
2020-12-15 03:55:00,4.2159142
2020-12-15 03:56:00,4.2185535
2020-12-15 03:57:00,4.2242365
2020-12-15 03:58:00,4.22528
2020-12-15 03:59:00,4.2179008
2020-12-15 04:00:00,4.2114487
2020-12-15 04:01:00,4.199921
2020-12-15 04:02:00,4.189482
2020-12-15 04:03:00,4.181097
2020-12-15 04:54:00,4.1806526
2020-12-15 04:55:00,4.183418
2020-12-15 04:56:00,4.1827693
2020-12-15 04:57:00,4.181434
2020-12-15 04:58:00,4.180297
2020-12-15 05:33:00,4.1819015
2020-12-15 05:34:00,4.1840467
2020-12-15 05:35:00,4.1829414
2020-12-15 05:36:00,4.1828785
2020-12-15 05:37:00,4.180508
2020-12-15 05:38:00,4.178818
2020-12-15 05:41:00,4.182117
2020-12-15 05:42:00,4.188589
2020-12-15 05:43:00,4.1889462
2020-12-15 05:44:00,4.1869063
2020-12-15 05:45:00,4.183394
2020-12-15 05:46:00,4.1810994
2020-12-15 06:13:00,4.1804523
2020-12-15 06:14:00,4.192927
2020-12-15 06:15:00,4.2035813
2020-12-15 06:16:00,4.2042866
2020-12-15 06:17:00,4.2002506
2020-12-15 06:18:00,4.200082
2020-12-15 06:19:00,4.2051153
2020-12-15 06:20:00,4.2055655
2020-12-15 06:21:00,4.2011933
2020-12-15 06:22:00,4.195232
2020-12-15 06:23:00,4.1916757
2020-12-15 06:24:00,4.188195
2020-12-15 06:25:00,4.182166
2020-12-19 02:53:00,4.183075
2020-12-19 02:54:00,4.185573
2020-12-19 02:55:00,4.1844563
2020-12-19 02:56:00,4.1831946
2020-12-19 02:57:00,4.181668
2020-12-19 02:58:00,4.1798844
2020-12-19 02:59:00,4.178385
2020-12-19 03:08:00,4.181685
2020-12-19 03:09:00,4.1843705
2020-12-19 03:10:00,4.1854916
2020-12-19 03:11:00,4.194332
2020-12-19 03:12:00,4.2020736
2020-12-19 03:13:00,4.2098627
2020-12-19 03:14:00,4.20701
2020-12-19 03:15:00,4.2077518
2020-12-19 03:16:00,4.203862
2020-12-19 03:17:00,4.207868
2020-12-19 03:18:00,4.21116
2020-12-19 03:19:00,4.207003
2020-12-19 03:20:00,4.2094865
2020-12-19 03:21:00,4.2071633
2020-12-19 03:22:00,4.2089515
2020-12-19 03:23:00,4.205362
2020-12-19 03:24:00,4.20002
2020-12-19 03:25:00,4.202693
2020-12-19 03:26:00,4.210519
2020-12-19 03:27:00,4.21422
2020-12-19 03:28:00,4.221156
2020-12-19 03:29:00,4.2232018
2020-12-19 03:30:00,4.228499
2020-12-19 03:31:00,4.230517
2020-12-19 03:32:00,4.2217026
2020-12-19 03:33:00,4.2091265
2020-12-19 03:34:00,4.1975355
2020-12-19 03:35:00,4.188154
2020-12-19 03:36:00,4.1911697
2020-12-19 03:37:00,4.196802
2020-12-19 03:38:00,4.2035646
2020-12-19 03:39:00,4.203904
2020-12-19 03:40:00,4.200229
2020-12-19 03:41:00,4.195434
2020-12-19 03:42:00,4.189371
2020-12-19 03:43:00,4.18086
2020-12-20 04:34:00,4.1829076
2020-12-20 04:35:00,4.185371
2020-12-20 04:36:00,4.1852665
2020-12-20 04:37:00,4.184246
2020-12-20 04:38:00,4.182413
2020-12-20 04:39:00,4.1798787
2020-12-22 04:55:00,4.1820726
2020-12-22 04:56:00,4.183472
2020-12-22 04:57:00,4.192488
2020-12-22 04:58:00,4.193735
2020-12-22 04:59:00,4.190858
2020-12-22 05:00:00,4.186658
2020-12-22 05:01:00,4.1836147
2020-12-22 05:02:00,4.178259
2020-12-22 05:03:00,4.1783843
2020-12-22 06:09:00,4.179947
2020-12-22 06:10:00,4.182041
2020-12-22 06:11:00,4.182457
2020-12-22 06:12:00,4.1805096
2020-12-22 06:13:00,4.1790404
2020-12-22 06:14:00,4.1781235
2020-12-26 03:36:00,4.17823
2020-12-26 03:37:00,4.178999
2020-12-26 03:38:00,4.178962
2020-12-26 04:39:00,4.1842484
2020-12-26 04:40:00,4.1867733
2020-12-26 04:41:00,4.1873193
2020-12-26 04:42:00,4.1846247
2020-12-26 04:43:00,4.1827903
2020-12-26 04:44:00,4.1807237
2020-12-28 04:59:00,4.183274
2020-12-28 05:00:00,4.185745
2020-12-28 05:01:00,4.1848865
2020-12-28 05:02:00,4.1831946
2020-12-28 05:03:00,4.181668
2020-12-28 05:04:00,4.1798844
2020-12-31 06:07:00,4.184235
2020-12-31 06:08:00,4.184371
2020-12-31 06:09:00,4.1838527
2020-12-31 06:10:00,4.1812835
2020-12-31 06:11:00,4.1794114
